[fixture] [Mon Aug 31 15:35:39 2026] PHP 8.5.4 Development Server (http://127.0.0.1:8091) started
chromium 151.0.7922.34 (fixture spawned)
tier low-android (low Android (Pixel 4a-class), CPU x6)
  low-android/sha16/inline/cold rep 1/50: solve 90 ms (p2v 151 ms, tx 250773 B, cachehits 0, js 42 ms, wasmC - ms, longtasks 0(0 ms), heap 9.5 MB)
  low-android/sha16/inline/cold rep 2/50: solve 196 ms (p2v 250 ms, tx 250773 B, cachehits 0, js 39 ms, wasmC - ms, longtasks 0(0 ms), heap 9.5 MB)
  low-android/sha16/inline/cold rep 3/50: solve 197 ms (p2v 252 ms, tx 250774 B, cachehits 0, js 40 ms, wasmC - ms, longtasks 0(0 ms), heap 9.5 MB)
  low-android/sha16/inline/cold rep 4/50: solve 209 ms (p2v 264 ms, tx 250778 B, cachehits 0, js 38 ms, wasmC - ms, longtasks 0(0 ms), heap 9.5 MB)
  low-android/sha16/inline/cold rep 5/50: solve 245 ms (p2v 299 ms, tx 250771 B, cachehits 0, js 41 ms, wasmC - ms, longtasks 0(0 ms), heap 9.5 MB)
  low-android/sha16/inline/cold rep 6/50: solve 274 ms (p2v 330 ms, tx 250772 B, cachehits 0, js 45 ms, wasmC - ms, longtasks 0(0 ms), heap 9.5 MB)
  low-android/sha16/inline/cold rep 7/50: solve 119 ms (p2v 173 ms, tx 250773 B, cachehits 0, js 39 ms, wasmC - ms, longtasks 0(0 ms), heap 9.5 MB)
  low-android/sha16/inline/cold rep 8/50: solve 106 ms (p2v 160 ms, tx 250772 B, cachehits 0, js 38 ms, wasmC - ms, longtasks 0(0 ms), heap 9.5 MB)
  low-android/sha16/inline/cold rep 9/50: solve 81 ms (p2v 136 ms, tx 250773 B, cachehits 0, js 39 ms, wasmC - ms, longtasks 0(0 ms), heap 9.5 MB)
  low-android/sha16/inline/cold rep 10/50: solve 84 ms (p2v 142 ms, tx 250775 B, cachehits 0, js 40 ms, wasmC - ms, longtasks 0(0 ms), heap 9.5 MB)
  low-android/sha16/inline/cold rep 11/50: solve 135 ms (p2v 195 ms, tx 250771 B, cachehits 0, js 40 ms, wasmC - ms, longtasks 0(0 ms), heap 9.5 MB)
  low-android/sha16/inline/cold rep 12/50: solve 191 ms (p2v 249 ms, tx 250772 B, cachehits 0, js 40 ms, wasmC - ms, longtasks 0(0 ms), heap 9.5 MB)
  low-android/sha16/inline/cold rep 13/50: solve 215 ms (p2v 275 ms, tx 250774 B, cachehits 0, js 41 ms, wasmC - ms, longtasks 0(0 ms), heap 9.5 MB)
  low-android/sha16/inline/cold rep 14/50: solve 114 ms (p2v 171 ms, tx 250772 B, cachehits 0, js 40 ms, wasmC - ms, longtasks 0(0 ms), heap 9.5 MB)
  low-android/sha16/inline/cold rep 15/50: solve 172 ms (p2v 227 ms, tx 250772 B, cachehits 0, js 40 ms, wasmC - ms, longtasks 0(0 ms), heap 9.5 MB)
  low-android/sha16/inline/cold rep 16/50: solve 113 ms (p2v 173 ms, tx 250773 B, cachehits 0, js 41 ms, wasmC - ms, longtasks 0(0 ms), heap 9.5 MB)
  low-android/sha16/inline/cold rep 17/50: solve 125 ms (p2v 182 ms, tx 250771 B, cachehits 0, js 39 ms, wasmC - ms, longtasks 0(0 ms), heap 9.5 MB)
  low-android/sha16/inline/cold rep 18/50: solve 175 ms (p2v 226 ms, tx 250774 B, cachehits 0, js 26 ms, wasmC - ms, longtasks 0(0 ms), heap 9.5 MB)
  low-android/sha16/inline/cold rep 19/50: solve 242 ms (p2v 299 ms, tx 250773 B, cachehits 0, js 40 ms, wasmC - ms, longtasks 0(0 ms), heap 9.5 MB)
  low-android/sha16/inline/cold rep 20/50: solve 203 ms (p2v 263 ms, tx 250774 B, cachehits 0, js 40 ms, wasmC - ms, longtasks 0(0 ms), heap 9.5 MB)
  low-android/sha16/inline/cold rep 21/50: solve 263 ms (p2v 320 ms, tx 250773 B, cachehits 0, js 40 ms, wasmC - ms, longtasks 0(0 ms), heap 9.5 MB)
  low-android/sha16/inline/cold rep 22/50: solve 154 ms (p2v 213 ms, tx 250772 B, cachehits 0, js 39 ms, wasmC - ms, longtasks 0(0 ms), heap 9.5 MB)
  low-android/sha16/inline/cold rep 23/50: solve 146 ms (p2v 199 ms, tx 250771 B, cachehits 0, js 36 ms, wasmC - ms, longtasks 0(0 ms), heap 9.5 MB)
  low-android/sha16/inline/cold rep 24/50: solve 157 ms (p2v 217 ms, tx 250774 B, cachehits 0, js 43 ms, wasmC - ms, longtasks 0(0 ms), heap 9.5 MB)
  low-android/sha16/inline/cold rep 25/50: solve 85 ms (p2v 146 ms, tx 250771 B, cachehits 0, js 40 ms, wasmC - ms, longtasks 0(0 ms), heap 9.5 MB)
  low-android/sha16/inline/cold rep 26/50: solve 146 ms (p2v 200 ms, tx 250777 B, cachehits 0, js 38 ms, wasmC - ms, longtasks 0(0 ms), heap 9.5 MB)
  low-android/sha16/inline/cold rep 27/50: solve 178 ms (p2v 236 ms, tx 250772 B, cachehits 0, js 41 ms, wasmC - ms, longtasks 0(0 ms), heap 9.5 MB)
  low-android/sha16/inline/cold rep 28/50: solve 115 ms (p2v 170 ms, tx 250774 B, cachehits 0, js 43 ms, wasmC - ms, longtasks 0(0 ms), heap 9.5 MB)
  low-android/sha16/inline/cold rep 29/50: solve 408 ms (p2v 468 ms, tx 250772 B, cachehits 0, js 40 ms, wasmC - ms, longtasks 0(0 ms), heap 9.5 MB)
  low-android/sha16/inline/cold rep 30/50: solve 100 ms (p2v 160 ms, tx 250771 B, cachehits 0, js 44 ms, wasmC - ms, longtasks 0(0 ms), heap 9.5 MB)
  low-android/sha16/inline/cold rep 31/50: solve 164 ms (p2v 221 ms, tx 250774 B, cachehits 0, js 38 ms, wasmC - ms, longtasks 0(0 ms), heap 9.5 MB)
  low-android/sha16/inline/cold rep 32/50: solve 222 ms (p2v 279 ms, tx 250772 B, cachehits 0, js 40 ms, wasmC - ms, longtasks 0(0 ms), heap 9.5 MB)
  low-android/sha16/inline/cold rep 33/50: solve 237 ms (p2v 293 ms, tx 250773 B, cachehits 0, js 39 ms, wasmC - ms, longtasks 0(0 ms), heap 9.5 MB)
  low-android/sha16/inline/cold rep 34/50: solve 369 ms (p2v 429 ms, tx 250771 B, cachehits 0, js 42 ms, wasmC - ms, longtasks 0(0 ms), heap 9.5 MB)
  low-android/sha16/inline/cold rep 35/50: solve 190 ms (p2v 245 ms, tx 250771 B, cachehits 0, js 36 ms, wasmC - ms, longtasks 0(0 ms), heap 9.5 MB)
  low-android/sha16/inline/cold rep 36/50: solve 92 ms (p2v 150 ms, tx 250778 B, cachehits 0, js 39 ms, wasmC - ms, longtasks 0(0 ms), heap 9.5 MB)
  low-android/sha16/inline/cold rep 37/50: solve 213 ms (p2v 273 ms, tx 250772 B, cachehits 0, js 41 ms, wasmC - ms, longtasks 0(0 ms), heap 9.5 MB)
  low-android/sha16/inline/cold rep 38/50: solve 226 ms (p2v 285 ms, tx 250775 B, cachehits 0, js 43 ms, wasmC - ms, longtasks 0(0 ms), heap 9.5 MB)
  low-android/sha16/inline/cold rep 39/50: solve 95 ms (p2v 152 ms, tx 250772 B, cachehits 0, js 41 ms, wasmC - ms, longtasks 0(0 ms), heap 9.5 MB)
  low-android/sha16/inline/cold rep 40/50: solve 90 ms (p2v 147 ms, tx 250771 B, cachehits 0, js 36 ms, wasmC - ms, longtasks 0(0 ms), heap 9.5 MB)
  low-android/sha16/inline/cold rep 41/50: solve 212 ms (p2v 271 ms, tx 250773 B, cachehits 0, js 39 ms, wasmC - ms, longtasks 0(0 ms), heap 9.5 MB)
  low-android/sha16/inline/cold rep 42/50: solve 179 ms (p2v 236 ms, tx 250771 B, cachehits 0, js 37 ms, wasmC - ms, longtasks 0(0 ms), heap 9.5 MB)
  low-android/sha16/inline/cold rep 43/50: solve 165 ms (p2v 224 ms, tx 250771 B, cachehits 0, js 40 ms, wasmC - ms, longtasks 0(0 ms), heap 9.5 MB)
  low-android/sha16/inline/cold rep 44/50: solve 188 ms (p2v 244 ms, tx 250775 B, cachehits 0, js 39 ms, wasmC - ms, longtasks 0(0 ms), heap 9.5 MB)
  low-android/sha16/inline/cold rep 45/50: solve 169 ms (p2v 224 ms, tx 250773 B, cachehits 0, js 39 ms, wasmC - ms, longtasks 0(0 ms), heap 9.5 MB)
  low-android/sha16/inline/cold rep 46/50: solve 101 ms (p2v 159 ms, tx 250771 B, cachehits 0, js 41 ms, wasmC - ms, longtasks 0(0 ms), heap 9.5 MB)
  low-android/sha16/inline/cold rep 47/50: solve 290 ms (p2v 346 ms, tx 250771 B, cachehits 0, js 41 ms, wasmC - ms, longtasks 0(0 ms), heap 9.5 MB)
  low-android/sha16/inline/cold rep 48/50: solve 160 ms (p2v 213 ms, tx 250773 B, cachehits 0, js 37 ms, wasmC - ms, longtasks 0(0 ms), heap 9.5 MB)
  low-android/sha16/inline/cold rep 49/50: solve 185 ms (p2v 238 ms, tx 250773 B, cachehits 0, js 38 ms, wasmC - ms, longtasks 0(0 ms), heap 9.5 MB)
  low-android/sha16/inline/cold rep 50/50: solve 74 ms (p2v 129 ms, tx 250771 B, cachehits 0, js 37 ms, wasmC - ms, longtasks 0(0 ms), heap 9.5 MB)
  low-android/sha16/inline/warm pre-warmed the context (rep 0 discarded)

  low-android/sha16/inline/warm rep 1/50: solve 222 ms (p2v 280 ms, tx 250772 B, cachehits 0, js 37 ms, wasmC - ms, longtasks 0(0 ms), heap 9.5 MB)
  low-android/sha16/inline/warm rep 2/50: solve 487 ms (p2v 545 ms, tx 250775 B, cachehits 0, js 37 ms, wasmC - ms, longtasks 0(0 ms), heap 9.5 MB)
  low-android/sha16/inline/warm rep 3/50: solve 107 ms (p2v 166 ms, tx 250771 B, cachehits 0, js 41 ms, wasmC - ms, longtasks 0(0 ms), heap 9.5 MB)
  low-android/sha16/inline/warm rep 4/50: solve 365 ms (p2v 425 ms, tx 250773 B, cachehits 0, js 37 ms, wasmC - ms, longtasks 0(0 ms), heap 9.5 MB)
  low-android/sha16/inline/warm rep 5/50: solve 201 ms (p2v 260 ms, tx 250775 B, cachehits 0, js 39 ms, wasmC - ms, longtasks 0(0 ms), heap 9.5 MB)
  low-android/sha16/inline/warm rep 6/50: solve 185 ms (p2v 244 ms, tx 250772 B, cachehits 0, js 37 ms, wasmC - ms, longtasks 0(0 ms), heap 9.5 MB)
  low-android/sha16/inline/warm rep 7/50: solve 505 ms (p2v 564 ms, tx 250772 B, cachehits 0, js 42 ms, wasmC - ms, longtasks 0(0 ms), heap 9.5 MB)
  low-android/sha16/inline/warm rep 8/50: solve 155 ms (p2v 213 ms, tx 250771 B, cachehits 0, js 37 ms, wasmC - ms, longtasks 0(0 ms), heap 9.5 MB)
  low-android/sha16/inline/warm rep 9/50: solve 108 ms (p2v 166 ms, tx 250771 B, cachehits 0, js 36 ms, wasmC - ms, longtasks 0(0 ms), heap 9.5 MB)
  low-android/sha16/inline/warm rep 10/50: solve 187 ms (p2v 248 ms, tx 250772 B, cachehits 0, js 44 ms, wasmC - ms, longtasks 0(0 ms), heap 9.5 MB)
  low-android/sha16/inline/warm rep 11/50: solve 209 ms (p2v 275 ms, tx 250778 B, cachehits 0, js 42 ms, wasmC - ms, longtasks 0(0 ms), heap 9.5 MB)
  low-android/sha16/inline/warm rep 12/50: solve 96 ms (p2v 156 ms, tx 250771 B, cachehits 0, js 39 ms, wasmC - ms, longtasks 0(0 ms), heap 9.5 MB)
  low-android/sha16/inline/warm rep 13/50: solve 180 ms (p2v 240 ms, tx 250772 B, cachehits 0, js 42 ms, wasmC - ms, longtasks 0(0 ms), heap 9.5 MB)
  low-android/sha16/inline/warm rep 14/50: solve 295 ms (p2v 351 ms, tx 250771 B, cachehits 0, js 37 ms, wasmC - ms, longtasks 0(0 ms), heap 9.5 MB)
  low-android/sha16/inline/warm rep 15/50: solve 194 ms (p2v 250 ms, tx 250771 B, cachehits 0, js 38 ms, wasmC - ms, longtasks 0(0 ms), heap 9.5 MB)
  low-android/sha16/inline/warm rep 16/50: solve 197 ms (p2v 259 ms, tx 250771 B, cachehits 0, js 42 ms, wasmC - ms, longtasks 0(0 ms), heap 9.5 MB)
  low-android/sha16/inline/warm rep 17/50: solve 195 ms (p2v 253 ms, tx 250772 B, cachehits 0, js 40 ms, wasmC - ms, longtasks 0(0 ms), heap 9.5 MB)
  low-android/sha16/inline/warm rep 18/50: solve 312 ms (p2v 370 ms, tx 250772 B, cachehits 0, js 37 ms, wasmC - ms, longtasks 0(0 ms), heap 9.5 MB)
  low-android/sha16/inline/warm rep 19/50: solve 207 ms (p2v 264 ms, tx 250772 B, cachehits 0, js 39 ms, wasmC - ms, longtasks 0(0 ms), heap 9.5 MB)
  low-android/sha16/inline/warm rep 20/50: solve 320 ms (p2v 377 ms, tx 250771 B, cachehits 0, js 37 ms, wasmC - ms, longtasks 0(0 ms), heap 9.5 MB)
  low-android/sha16/inline/warm rep 21/50: solve 105 ms (p2v 163 ms, tx 250771 B, cachehits 0, js 38 ms, wasmC - ms, longtasks 0(0 ms), heap 9.5 MB)
  low-android/sha16/inline/warm rep 22/50: solve 80 ms (p2v 136 ms, tx 250772 B, cachehits 0, js 36 ms, wasmC - ms, longtasks 0(0 ms), heap 9.5 MB)
  low-android/sha16/inline/warm rep 23/50: solve 139 ms (p2v 198 ms, tx 250771 B, cachehits 0, js 40 ms, wasmC - ms, longtasks 0(0 ms), heap 9.5 MB)
  low-android/sha16/inline/warm rep 24/50: solve 259 ms (p2v 316 ms, tx 250772 B, cachehits 0, js 39 ms, wasmC - ms, longtasks 0(0 ms), heap 9.5 MB)
  low-android/sha16/inline/warm rep 25/50: solve 362 ms (p2v 419 ms, tx 250771 B, cachehits 0, js 38 ms, wasmC - ms, longtasks 0(0 ms), heap 9.5 MB)
  low-android/sha16/inline/warm rep 26/50: solve 131 ms (p2v 187 ms, tx 250771 B, cachehits 0, js 36 ms, wasmC - ms, longtasks 0(0 ms), heap 9.5 MB)
  low-android/sha16/inline/warm rep 27/50: solve 214 ms (p2v 271 ms, tx 250771 B, cachehits 0, js 39 ms, wasmC - ms, longtasks 0(0 ms), heap 9.5 MB)
  low-android/sha16/inline/warm rep 28/50: solve 157 ms (p2v 214 ms, tx 250773 B, cachehits 0, js 38 ms, wasmC - ms, longtasks 0(0 ms), heap 9.5 MB)
  low-android/sha16/inline/warm rep 29/50: solve 108 ms (p2v 164 ms, tx 250771 B, cachehits 0, js 34 ms, wasmC - ms, longtasks 0(0 ms), heap 9.5 MB)
  low-android/sha16/inline/warm rep 30/50: solve 207 ms (p2v 265 ms, tx 250773 B, cachehits 0, js 39 ms, wasmC - ms, longtasks 0(0 ms), heap 9.5 MB)
  low-android/sha16/inline/warm rep 31/50: solve 227 ms (p2v 287 ms, tx 250772 B, cachehits 0, js 40 ms, wasmC - ms, longtasks 0(0 ms), heap 9.5 MB)
  low-android/sha16/inline/warm rep 32/50: solve 211 ms (p2v 269 ms, tx 250772 B, cachehits 0, js 37 ms, wasmC - ms, longtasks 0(0 ms), heap 9.5 MB)
  low-android/sha16/inline/warm rep 33/50: solve 125 ms (p2v 185 ms, tx 250771 B, cachehits 0, js 35 ms, wasmC - ms, longtasks 0(0 ms), heap 9.5 MB)
  low-android/sha16/inline/warm rep 34/50: solve 228 ms (p2v 287 ms, tx 250775 B, cachehits 0, js 39 ms, wasmC - ms, longtasks 0(0 ms), heap 9.5 MB)
  low-android/sha16/inline/warm rep 35/50: solve 88 ms (p2v 146 ms, tx 250772 B, cachehits 0, js 37 ms, wasmC - ms, longtasks 0(0 ms), heap 9.5 MB)
  low-android/sha16/inline/warm rep 36/50: solve 221 ms (p2v 281 ms, tx 250775 B, cachehits 0, js 40 ms, wasmC - ms, longtasks 0(0 ms), heap 9.5 MB)
  low-android/sha16/inline/warm rep 37/50: solve 126 ms (p2v 193 ms, tx 250773 B, cachehits 0, js 45 ms, wasmC - ms, longtasks 0(0 ms), heap 9.5 MB)
  low-android/sha16/inline/warm rep 38/50: solve 304 ms (p2v 368 ms, tx 250772 B, cachehits 0, js 41 ms, wasmC - ms, longtasks 0(0 ms), heap 9.5 MB)
  low-android/sha16/inline/warm rep 39/50: solve 147 ms (p2v 207 ms, tx 250771 B, cachehits 0, js 38 ms, wasmC - ms, longtasks 0(0 ms), heap 9.5 MB)
  low-android/sha16/inline/warm rep 40/50: solve 362 ms (p2v 421 ms, tx 250772 B, cachehits 0, js 39 ms, wasmC - ms, longtasks 0(0 ms), heap 9.5 MB)
  low-android/sha16/inline/warm rep 41/50: solve 293 ms (p2v 353 ms, tx 250772 B, cachehits 0, js 35 ms, wasmC - ms, longtasks 0(0 ms), heap 9.5 MB)
  low-android/sha16/inline/warm rep 42/50: solve 102 ms (p2v 166 ms, tx 250771 B, cachehits 0, js 43 ms, wasmC - ms, longtasks 0(0 ms), heap 9.5 MB)
  low-android/sha16/inline/warm rep 43/50: solve 135 ms (p2v 197 ms, tx 250773 B, cachehits 0, js 41 ms, wasmC - ms, longtasks 0(0 ms), heap 9.5 MB)
  low-android/sha16/inline/warm rep 44/50: solve 140 ms (p2v 204 ms, tx 250775 B, cachehits 0, js 44 ms, wasmC - ms, longtasks 0(0 ms), heap 9.5 MB)
  low-android/sha16/inline/warm rep 45/50: solve 168 ms (p2v 230 ms, tx 250771 B, cachehits 0, js 42 ms, wasmC - ms, longtasks 0(0 ms), heap 9.5 MB)
  low-android/sha16/inline/warm rep 46/50: solve 147 ms (p2v 211 ms, tx 250773 B, cachehits 0, js 45 ms, wasmC - ms, longtasks 1(51 ms), heap 9.5 MB)
  low-android/sha16/inline/warm rep 47/50: solve 136 ms (p2v 195 ms, tx 250771 B, cachehits 0, js 39 ms, wasmC - ms, longtasks 0(0 ms), heap 9.5 MB)
  low-android/sha16/inline/warm rep 48/50: solve 97 ms (p2v 157 ms, tx 250772 B, cachehits 0, js 37 ms, wasmC - ms, longtasks 0(0 ms), heap 9.5 MB)
  low-android/sha16/inline/warm rep 49/50: solve 324 ms (p2v 382 ms, tx 250771 B, cachehits 0, js 40 ms, wasmC - ms, longtasks 1(51 ms), heap 9.5 MB)
  low-android/sha16/inline/warm rep 50/50: solve 192 ms (p2v 252 ms, tx 250773 B, cachehits 0, js 39 ms, wasmC - ms, longtasks 0(0 ms), heap 9.5 MB)
  repeat navigation low-android/sha16/inline/warm: p2v 347 ms, tx 250771 B, cachehits 0, load 62 ms
  low-android/sha18/inline/cold rep 1/50: solve 87 ms (p2v 140 ms, tx 250772 B, cachehits 0, js 36 ms, wasmC - ms, longtasks 0(0 ms), heap 9.5 MB)
  low-android/sha18/inline/cold rep 2/50: solve 707 ms (p2v 764 ms, tx 250772 B, cachehits 0, js 41 ms, wasmC - ms, longtasks 0(0 ms), heap 9.5 MB)
  low-android/sha18/inline/cold rep 3/50: solve 543 ms (p2v 602 ms, tx 250771 B, cachehits 0, js 41 ms, wasmC - ms, longtasks 1(50 ms), heap 9.5 MB)
  low-android/sha18/inline/cold rep 4/50: solve 341 ms (p2v 391 ms, tx 250775 B, cachehits 0, js 35 ms, wasmC - ms, longtasks 0(0 ms), heap 9.5 MB)
  low-android/sha18/inline/cold rep 5/50: solve 127 ms (p2v 180 ms, tx 250771 B, cachehits 0, js 36 ms, wasmC - ms, longtasks 0(0 ms), heap 9.5 MB)
  low-android/sha18/inline/cold rep 6/50: solve 121 ms (p2v 172 ms, tx 250776 B, cachehits 0, js 34 ms, wasmC - ms, longtasks 0(0 ms), heap 9.5 MB)
  low-android/sha18/inline/cold rep 7/50: solve 152 ms (p2v 206 ms, tx 250771 B, cachehits 0, js 37 ms, wasmC - ms, longtasks 0(0 ms), heap 9.5 MB)
  low-android/sha18/inline/cold rep 8/50: solve 579 ms (p2v 635 ms, tx 250773 B, cachehits 0, js 37 ms, wasmC - ms, longtasks 0(0 ms), heap 9.5 MB)
  low-android/sha18/inline/cold rep 9/50: solve 421 ms (p2v 477 ms, tx 250771 B, cachehits 0, js 36 ms, wasmC - ms, longtasks 0(0 ms), heap 9.5 MB)
  low-android/sha18/inline/cold rep 10/50: solve 126 ms (p2v 180 ms, tx 250773 B, cachehits 0, js 37 ms, wasmC - ms, longtasks 0(0 ms), heap 9.5 MB)
  low-android/sha18/inline/cold rep 11/50: solve 598 ms (p2v 649 ms, tx 250771 B, cachehits 0, js 38 ms, wasmC - ms, longtasks 0(0 ms), heap 9.5 MB)
  low-android/sha18/inline/cold rep 12/50: solve 236 ms (p2v 291 ms, tx 250776 B, cachehits 0, js 41 ms, wasmC - ms, longtasks 0(0 ms), heap 9.5 MB)
  low-android/sha18/inline/cold rep 13/50: solve 161 ms (p2v 220 ms, tx 250772 B, cachehits 0, js 43 ms, wasmC - ms, longtasks 0(0 ms), heap 9.5 MB)
  low-android/sha18/inline/cold rep 14/50: solve 606 ms (p2v 660 ms, tx 250773 B, cachehits 0, js 38 ms, wasmC - ms, longtasks 0(0 ms), heap 9.5 MB)
  low-android/sha18/inline/cold rep 15/50: solve 261 ms (p2v 322 ms, tx 250773 B, cachehits 0, js 44 ms, wasmC - ms, longtasks 1(50 ms), heap 9.5 MB)
  low-android/sha18/inline/cold rep 16/50: solve 166 ms (p2v 223 ms, tx 250772 B, cachehits 0, js 38 ms, wasmC - ms, longtasks 0(0 ms), heap 9.5 MB)
  low-android/sha18/inline/cold rep 17/50: solve 1991 ms (p2v 2044 ms, tx 250772 B, cachehits 0, js 38 ms, wasmC - ms, longtasks 0(0 ms), heap 9.5 MB)
  low-android/sha18/inline/cold rep 18/50: solve 1261 ms (p2v 1315 ms, tx 250771 B, cachehits 0, js 39 ms, wasmC - ms, longtasks 0(0 ms), heap 9.5 MB)
  low-android/sha18/inline/cold rep 19/50: solve 118 ms (p2v 173 ms, tx 250771 B, cachehits 0, js 38 ms, wasmC - ms, longtasks 0(0 ms), heap 9.5 MB)
  low-android/sha18/inline/cold rep 20/50: solve 244 ms (p2v 301 ms, tx 250774 B, cachehits 0, js 39 ms, wasmC - ms, longtasks 0(0 ms), heap 9.5 MB)
  low-android/sha18/inline/cold rep 21/50: solve 686 ms (p2v 740 ms, tx 250771 B, cachehits 0, js 37 ms, wasmC - ms, longtasks 0(0 ms), heap 9.5 MB)
  low-android/sha18/inline/cold rep 22/50: solve 1361 ms (p2v 1420 ms, tx 250772 B, cachehits 0, js 43 ms, wasmC - ms, longtasks 0(0 ms), heap 9.5 MB)
  low-android/sha18/inline/cold rep 23/50: solve 669 ms (p2v 726 ms, tx 250771 B, cachehits 0, js 38 ms, wasmC - ms, longtasks 0(0 ms), heap 9.5 MB)
  low-android/sha18/inline/cold rep 24/50: solve 104 ms (p2v 159 ms, tx 250773 B, cachehits 0, js 40 ms, wasmC - ms, longtasks 0(0 ms), heap 9.5 MB)
  low-android/sha18/inline/cold rep 25/50: solve 579 ms (p2v 635 ms, tx 250774 B, cachehits 0, js 41 ms, wasmC - ms, longtasks 0(0 ms), heap 9.5 MB)
  low-android/sha18/inline/cold rep 26/50: solve 542 ms (p2v 598 ms, tx 250772 B, cachehits 0, js 39 ms, wasmC - ms, longtasks 0(0 ms), heap 9.5 MB)
  low-android/sha18/inline/cold rep 27/50: solve 454 ms (p2v 511 ms, tx 250771 B, cachehits 0, js 37 ms, wasmC - ms, longtasks 0(0 ms), heap 9.5 MB)
  low-android/sha18/inline/cold rep 28/50: solve 174 ms (p2v 228 ms, tx 250771 B, cachehits 0, js 37 ms, wasmC - ms, longtasks 0(0 ms), heap 9.5 MB)
  low-android/sha18/inline/cold rep 29/50: solve 238 ms (p2v 291 ms, tx 250771 B, cachehits 0, js 36 ms, wasmC - ms, longtasks 0(0 ms), heap 9.5 MB)
  low-android/sha18/inline/cold rep 30/50: solve 86 ms (p2v 139 ms, tx 250772 B, cachehits 0, js 38 ms, wasmC - ms, longtasks 0(0 ms), heap 9.5 MB)
  low-android/sha18/inline/cold rep 31/50: solve 486 ms (p2v 541 ms, tx 250771 B, cachehits 0, js 45 ms, wasmC - ms, longtasks 0(0 ms), heap 9.5 MB)
  low-android/sha18/inline/cold rep 32/50: solve 767 ms (p2v 827 ms, tx 250773 B, cachehits 0, js 40 ms, wasmC - ms, longtasks 0(0 ms), heap 9.5 MB)
  low-android/sha18/inline/cold rep 33/50: solve 243 ms (p2v 301 ms, tx 250772 B, cachehits 0, js 39 ms, wasmC - ms, longtasks 0(0 ms), heap 9.5 MB)
  low-android/sha18/inline/cold rep 34/50: solve 464 ms (p2v 522 ms, tx 250772 B, cachehits 0, js 47 ms, wasmC - ms, longtasks 0(0 ms), heap 9.5 MB)
  low-android/sha18/inline/cold rep 35/50: solve 330 ms (p2v 392 ms, tx 250771 B, cachehits 0, js 41 ms, wasmC - ms, longtasks 0(0 ms), heap 9.5 MB)
  low-android/sha18/inline/cold rep 36/50: solve 100 ms (p2v 160 ms, tx 250773 B, cachehits 0, js 43 ms, wasmC - ms, longtasks 1(50 ms), heap 9.5 MB)
  low-android/sha18/inline/cold rep 37/50: solve 822 ms (p2v 880 ms, tx 250771 B, cachehits 0, js 40 ms, wasmC - ms, longtasks 0(0 ms), heap 9.5 MB)
  low-android/sha18/inline/cold rep 38/50: solve 457 ms (p2v 536 ms, tx 250772 B, cachehits 0, js 53 ms, wasmC - ms, longtasks 1(68 ms), heap 9.5 MB)
  low-android/sha18/inline/cold rep 39/50: solve 1003 ms (p2v 1087 ms, tx 250772 B, cachehits 0, js 58 ms, wasmC - ms, longtasks 1(71 ms), heap 9.5 MB)
  low-android/sha18/inline/cold rep 40/50: solve 1423 ms (p2v 1548 ms, tx 250771 B, cachehits 0, js 19 ms, wasmC - ms, longtasks 0(0 ms), heap 9.5 MB)
  low-android/sha18/inline/cold rep 41/50: solve 162 ms (p2v 315 ms, tx 250771 B, cachehits 0, js 24 ms, wasmC - ms, longtasks 0(0 ms), heap 9.5 MB)
  low-android/sha18/inline/cold rep 42/50: solve 264 ms (p2v 402 ms, tx 250771 B, cachehits 0, js 20 ms, wasmC - ms, longtasks 0(0 ms), heap 9.5 MB)
  low-android/sha18/inline/cold rep 43/50: solve 662 ms (p2v 790 ms, tx 250775 B, cachehits 0, js 22 ms, wasmC - ms, longtasks 0(0 ms), heap 9.5 MB)
  low-android/sha18/inline/cold rep 44/50: solve 230 ms (p2v 311 ms, tx 250773 B, cachehits 0, js 57 ms, wasmC - ms, longtasks 1(62 ms), heap 9.5 MB)
  low-android/sha18/inline/cold rep 45/50: solve 1171 ms (p2v 1302 ms, tx 250771 B, cachehits 0, js 21 ms, wasmC - ms, longtasks 0(0 ms), heap 9.5 MB)
  low-android/sha18/inline/cold rep 46/50: solve 787 ms (p2v 874 ms, tx 250771 B, cachehits 0, js 62 ms, wasmC - ms, longtasks 1(66 ms), heap 9.5 MB)
  low-android/sha18/inline/cold rep 47/50: solve 392 ms (p2v 472 ms, tx 250773 B, cachehits 0, js 57 ms, wasmC - ms, longtasks 1(74 ms), heap 9.5 MB)
  low-android/sha18/inline/cold rep 48/50: solve 204 ms (p2v 285 ms, tx 250771 B, cachehits 0, js 55 ms, wasmC - ms, longtasks 1(74 ms), heap 9.5 MB)
  low-android/sha18/inline/cold rep 49/50: solve 519 ms (p2v 673 ms, tx 250772 B, cachehits 0, js 24 ms, wasmC - ms, longtasks 0(0 ms), heap 9.5 MB)
  low-android/sha18/inline/cold rep 50/50: solve 504 ms (p2v 585 ms, tx 250771 B, cachehits 0, js 59 ms, wasmC - ms, longtasks 1(63 ms), heap 9.5 MB)
  low-android/sha18/inline/warm pre-warmed the context (rep 0 discarded)

  low-android/sha18/inline/warm rep 1/50: solve 2766 ms (p2v 2925 ms, tx 250776 B, cachehits 0, js 33 ms, wasmC - ms, longtasks 0(0 ms), heap 9.5 MB)
  low-android/sha18/inline/warm rep 2/50: solve 1806 ms (p2v 1888 ms, tx 250771 B, cachehits 0, js 58 ms, wasmC - ms, longtasks 1(71 ms), heap 9.5 MB)
  low-android/sha18/inline/warm rep 3/50: solve 224 ms (p2v 302 ms, tx 250771 B, cachehits 0, js 52 ms, wasmC - ms, longtasks 1(57 ms), heap 9.5 MB)
  low-android/sha18/inline/warm rep 4/50: solve 1013 ms (p2v 1089 ms, tx 250772 B, cachehits 0, js 53 ms, wasmC - ms, longtasks 1(58 ms), heap 9.5 MB)
  low-android/sha18/inline/warm rep 5/50: solve 286 ms (p2v 350 ms, tx 250773 B, cachehits 0, js 82 ms, wasmC - ms, longtasks 1(73 ms), heap 9.5 MB)
  low-android/sha18/inline/warm rep 6/50: solve 1462 ms (p2v 1606 ms, tx 250771 B, cachehits 0, js 22 ms, wasmC - ms, longtasks 0(0 ms), heap 9.5 MB)
  low-android/sha18/inline/warm rep 7/50: solve 1605 ms (p2v 1735 ms, tx 250773 B, cachehits 0, js 22 ms, wasmC - ms, longtasks 0(0 ms), heap 9.5 MB)
  low-android/sha18/inline/warm rep 8/50: solve 264 ms (p2v 328 ms, tx 250771 B, cachehits 0, js 41 ms, wasmC - ms, longtasks 0(0 ms), heap 9.5 MB)
  low-android/sha18/inline/warm rep 9/50: solve 184 ms (p2v 266 ms, tx 250772 B, cachehits 0, js 60 ms, wasmC - ms, longtasks 1(63 ms), heap 9.5 MB)
  low-android/sha18/inline/warm rep 10/50: solve 1095 ms (p2v 1236 ms, tx 250772 B, cachehits 0, js 20 ms, wasmC - ms, longtasks 0(0 ms), heap 9.5 MB)
  low-android/sha18/inline/warm rep 11/50: solve 509 ms (p2v 659 ms, tx 250774 B, cachehits 0, js 23 ms, wasmC - ms, longtasks 0(0 ms), heap 9.5 MB)
  low-android/sha18/inline/warm rep 12/50: solve 3122 ms (p2v 3254 ms, tx 250771 B, cachehits 0, js 21 ms, wasmC - ms, longtasks 0(0 ms), heap 9.5 MB)
  low-android/sha18/inline/warm rep 13/50: solve 1925 ms (p2v 2079 ms, tx 250771 B, cachehits 0, js 22 ms, wasmC - ms, longtasks 0(0 ms), heap 9.5 MB)
  low-android/sha18/inline/warm rep 14/50: solve 228 ms (p2v 304 ms, tx 250771 B, cachehits 0, js 54 ms, wasmC - ms, longtasks 1(59 ms), heap 9.5 MB)
  low-android/sha18/inline/warm rep 15/50: solve 1080 ms (p2v 1163 ms, tx 250772 B, cachehits 0, js 55 ms, wasmC - ms, longtasks 1(58 ms), heap 9.5 MB)
  low-android/sha18/inline/warm rep 16/50: solve 813 ms (p2v 981 ms, tx 250772 B, cachehits 0, js 26 ms, wasmC - ms, longtasks 0(0 ms), heap 9.5 MB)
  low-android/sha18/inline/warm rep 17/50: solve 1322 ms (p2v 1397 ms, tx 250775 B, cachehits 0, js 49 ms, wasmC - ms, longtasks 1(56 ms), heap 9.5 MB)
  low-android/sha18/inline/warm rep 18/50: solve 1217 ms (p2v 1287 ms, tx 250772 B, cachehits 0, js 47 ms, wasmC - ms, longtasks 1(52 ms), heap 9.5 MB)
  low-android/sha18/inline/warm rep 19/50: solve 299 ms (p2v 366 ms, tx 250771 B, cachehits 0, js 45 ms, wasmC - ms, longtasks 1(54 ms), heap 9.5 MB)
  low-android/sha18/inline/warm rep 20/50: solve 1309 ms (p2v 1377 ms, tx 250775 B, cachehits 0, js 45 ms, wasmC - ms, longtasks 1(51 ms), heap 9.5 MB)
  low-android/sha18/inline/warm rep 21/50: solve 163 ms (p2v 224 ms, tx 250772 B, cachehits 0, js 37 ms, wasmC - ms, longtasks 0(0 ms), heap 9.5 MB)
  low-android/sha18/inline/warm rep 22/50: solve 122 ms (p2v 185 ms, tx 250774 B, cachehits 0, js 41 ms, wasmC - ms, longtasks 0(0 ms), heap 9.5 MB)
  low-android/sha18/inline/warm rep 23/50: solve 309 ms (p2v 372 ms, tx 250774 B, cachehits 0, js 41 ms, wasmC - ms, longtasks 0(0 ms), heap 9.5 MB)
  low-android/sha18/inline/warm rep 24/50: solve 440 ms (p2v 498 ms, tx 250772 B, cachehits 0, js 39 ms, wasmC - ms, longtasks 0(0 ms), heap 9.5 MB)
  low-android/sha18/inline/warm rep 25/50: solve 768 ms (p2v 827 ms, tx 250775 B, cachehits 0, js 40 ms, wasmC - ms, longtasks 0(0 ms), heap 9.5 MB)
  low-android/sha18/inline/warm rep 26/50: solve 368 ms (p2v 425 ms, tx 250774 B, cachehits 0, js 38 ms, wasmC - ms, longtasks 0(0 ms), heap 9.5 MB)
  low-android/sha18/inline/warm rep 27/50: solve 407 ms (p2v 467 ms, tx 250774 B, cachehits 0, js 40 ms, wasmC - ms, longtasks 0(0 ms), heap 9.5 MB)
  low-android/sha18/inline/warm rep 28/50: solve 86 ms (p2v 147 ms, tx 250777 B, cachehits 0, js 41 ms, wasmC - ms, longtasks 0(0 ms), heap 9.5 MB)
  low-android/sha18/inline/warm rep 29/50: solve 483 ms (p2v 548 ms, tx 250772 B, cachehits 0, js 48 ms, wasmC - ms, longtasks 0(0 ms), heap 9.5 MB)
  low-android/sha18/inline/warm rep 30/50: solve 534 ms (p2v 593 ms, tx 250773 B, cachehits 0, js 41 ms, wasmC - ms, longtasks 0(0 ms), heap 9.5 MB)
  low-android/sha18/inline/warm rep 31/50: solve 2109 ms (p2v 2172 ms, tx 250771 B, cachehits 0, js 44 ms, wasmC - ms, longtasks 0(0 ms), heap 9.5 MB)
  low-android/sha18/inline/warm rep 32/50: solve 389 ms (p2v 449 ms, tx 250774 B, cachehits 0, js 44 ms, wasmC - ms, longtasks 0(0 ms), heap 9.5 MB)
  low-android/sha18/inline/warm rep 33/50: solve 361 ms (p2v 421 ms, tx 250776 B, cachehits 0, js 37 ms, wasmC - ms, longtasks 0(0 ms), heap 9.5 MB)
  low-android/sha18/inline/warm rep 34/50: solve 656 ms (p2v 718 ms, tx 250773 B, cachehits 0, js 44 ms, wasmC - ms, longtasks 0(0 ms), heap 9.5 MB)
  low-android/sha18/inline/warm rep 35/50: solve 77 ms (p2v 137 ms, tx 250771 B, cachehits 0, js 41 ms, wasmC - ms, longtasks 0(0 ms), heap 9.5 MB)
  low-android/sha18/inline/warm rep 36/50: solve 870 ms (p2v 931 ms, tx 250773 B, cachehits 0, js 41 ms, wasmC - ms, longtasks 0(0 ms), heap 9.5 MB)
  low-android/sha18/inline/warm rep 37/50: solve 290 ms (p2v 352 ms, tx 250772 B, cachehits 0, js 39 ms, wasmC - ms, longtasks 0(0 ms), heap 9.5 MB)
  low-android/sha18/inline/warm rep 38/50: solve 674 ms (p2v 736 ms, tx 250772 B, cachehits 0, js 40 ms, wasmC - ms, longtasks 0(0 ms), heap 9.5 MB)
  low-android/sha18/inline/warm rep 39/50: solve 223 ms (p2v 288 ms, tx 250772 B, cachehits 0, js 47 ms, wasmC - ms, longtasks 1(52 ms), heap 9.5 MB)
  low-android/sha18/inline/warm rep 40/50: solve 287 ms (p2v 349 ms, tx 250772 B, cachehits 0, js 44 ms, wasmC - ms, longtasks 0(0 ms), heap 9.5 MB)
  low-android/sha18/inline/warm rep 41/50: solve 569 ms (p2v 632 ms, tx 250771 B, cachehits 0, js 44 ms, wasmC - ms, longtasks 0(0 ms), heap 9.5 MB)
  low-android/sha18/inline/warm rep 42/50: solve 1668 ms (p2v 1734 ms, tx 250773 B, cachehits 0, js 44 ms, wasmC - ms, longtasks 1(51 ms), heap 9.5 MB)
  low-android/sha18/inline/warm rep 43/50: solve 274 ms (p2v 333 ms, tx 250773 B, cachehits 0, js 36 ms, wasmC - ms, longtasks 0(0 ms), heap 9.5 MB)
  low-android/sha18/inline/warm rep 44/50: solve 704 ms (p2v 766 ms, tx 250774 B, cachehits 0, js 41 ms, wasmC - ms, longtasks 0(0 ms), heap 9.5 MB)
  low-android/sha18/inline/warm rep 45/50: solve 828 ms (p2v 886 ms, tx 250772 B, cachehits 0, js 40 ms, wasmC - ms, longtasks 0(0 ms), heap 9.5 MB)
  low-android/sha18/inline/warm rep 46/50: solve 620 ms (p2v 676 ms, tx 250776 B, cachehits 0, js 37 ms, wasmC - ms, longtasks 0(0 ms), heap 9.5 MB)
  low-android/sha18/inline/warm rep 47/50: solve 156 ms (p2v 214 ms, tx 250773 B, cachehits 0, js 38 ms, wasmC - ms, longtasks 0(0 ms), heap 9.5 MB)
  low-android/sha18/inline/warm rep 48/50: solve 643 ms (p2v 703 ms, tx 250771 B, cachehits 0, js 38 ms, wasmC - ms, longtasks 0(0 ms), heap 9.5 MB)
  low-android/sha18/inline/warm rep 49/50: solve 108 ms (p2v 167 ms, tx 250773 B, cachehits 0, js 41 ms, wasmC - ms, longtasks 0(0 ms), heap 9.5 MB)
  low-android/sha18/inline/warm rep 50/50: solve 196 ms (p2v 255 ms, tx 250771 B, cachehits 0, js 38 ms, wasmC - ms, longtasks 0(0 ms), heap 9.5 MB)
  repeat navigation low-android/sha18/inline/warm: p2v 1055 ms, tx 250774 B, cachehits 0, load 64 ms
  low-android/sha20/inline/cold rep 1/50: solve 2053 ms (p2v 2107 ms, tx 250772 B, cachehits 0, js 36 ms, wasmC - ms, longtasks 0(0 ms), heap 9.5 MB)
  low-android/sha20/inline/cold rep 2/50: solve 2298 ms (p2v 2373 ms, tx 250771 B, cachehits 0, js 50 ms, wasmC - ms, longtasks 1(57 ms), heap 9.5 MB)
  low-android/sha20/inline/cold rep 3/50: solve 167 ms (p2v 238 ms, tx 250773 B, cachehits 0, js 50 ms, wasmC - ms, longtasks 1(54 ms), heap 9.5 MB)
  low-android/sha20/inline/cold rep 4/50: solve 517 ms (p2v 588 ms, tx 250771 B, cachehits 0, js 53 ms, wasmC - ms, longtasks 1(55 ms), heap 9.5 MB)
  low-android/sha20/inline/cold rep 5/50: solve 1188 ms (p2v 1265 ms, tx 250771 B, cachehits 0, js 53 ms, wasmC - ms, longtasks 1(58 ms), heap 9.5 MB)
  low-android/sha20/inline/cold rep 6/50: solve 561 ms (p2v 630 ms, tx 250772 B, cachehits 0, js 50 ms, wasmC - ms, longtasks 1(52 ms), heap 9.5 MB)
  low-android/sha20/inline/cold rep 7/50: solve 1021 ms (p2v 1096 ms, tx 250773 B, cachehits 0, js 54 ms, wasmC - ms, longtasks 1(55 ms), heap 9.5 MB)
  low-android/sha20/inline/cold rep 8/50: solve 2269 ms (p2v 2341 ms, tx 250773 B, cachehits 0, js 56 ms, wasmC - ms, longtasks 1(57 ms), heap 9.5 MB)
  low-android/sha20/inline/cold rep 9/50: solve 640 ms (p2v 703 ms, tx 250771 B, cachehits 0, js 43 ms, wasmC - ms, longtasks 1(51 ms), heap 9.5 MB)
  low-android/sha20/inline/cold rep 10/50: solve 273 ms (p2v 336 ms, tx 250771 B, cachehits 0, js 43 ms, wasmC - ms, longtasks 1(50 ms), heap 9.5 MB)
  low-android/sha20/inline/cold rep 11/50: solve 6510 ms (p2v 6579 ms, tx 250772 B, cachehits 0, js 50 ms, wasmC - ms, longtasks 1(53 ms), heap 9.5 MB)
  low-android/sha20/inline/cold rep 12/50: solve 5547 ms (p2v 5612 ms, tx 250772 B, cachehits 0, js 46 ms, wasmC - ms, longtasks 0(0 ms), heap 9.5 MB)
  low-android/sha20/inline/cold rep 13/50: solve 704 ms (p2v 762 ms, tx 250774 B, cachehits 0, js 40 ms, wasmC - ms, longtasks 0(0 ms), heap 9.5 MB)
  low-android/sha20/inline/cold rep 14/50: solve 541 ms (p2v 596 ms, tx 250771 B, cachehits 0, js 38 ms, wasmC - ms, longtasks 0(0 ms), heap 9.5 MB)
  low-android/sha20/inline/cold rep 15/50: solve 649 ms (p2v 705 ms, tx 250773 B, cachehits 0, js 39 ms, wasmC - ms, longtasks 0(0 ms), heap 9.5 MB)
  low-android/sha20/inline/cold rep 16/50: solve 7210 ms (p2v 7265 ms, tx 250771 B, cachehits 0, js 37 ms, wasmC - ms, longtasks 0(0 ms), heap 9.5 MB)
  low-android/sha20/inline/cold rep 17/50: solve 172 ms (p2v 227 ms, tx 250771 B, cachehits 0, js 37 ms, wasmC - ms, longtasks 0(0 ms), heap 9.5 MB)
  low-android/sha20/inline/cold rep 18/50: solve 1063 ms (p2v 1117 ms, tx 250771 B, cachehits 0, js 40 ms, wasmC - ms, longtasks 0(0 ms), heap 9.5 MB)
  low-android/sha20/inline/cold rep 19/50: solve 2174 ms (p2v 2230 ms, tx 250773 B, cachehits 0, js 37 ms, wasmC - ms, longtasks 0(0 ms), heap 9.5 MB)
  low-android/sha20/inline/cold rep 20/50: solve 827 ms (p2v 888 ms, tx 250774 B, cachehits 0, js 44 ms, wasmC - ms, longtasks 0(0 ms), heap 9.5 MB)
  low-android/sha20/inline/cold rep 21/50: solve 1167 ms (p2v 1223 ms, tx 250774 B, cachehits 0, js 36 ms, wasmC - ms, longtasks 0(0 ms), heap 9.5 MB)
  low-android/sha20/inline/cold rep 22/50: solve 1985 ms (p2v 2043 ms, tx 250771 B, cachehits 0, js 41 ms, wasmC - ms, longtasks 0(0 ms), heap 9.5 MB)
  low-android/sha20/inline/cold rep 23/50: solve 2011 ms (p2v 2066 ms, tx 250773 B, cachehits 0, js 36 ms, wasmC - ms, longtasks 0(0 ms), heap 9.5 MB)
  low-android/sha20/inline/cold rep 24/50: solve 1223 ms (p2v 1279 ms, tx 250773 B, cachehits 0, js 37 ms, wasmC - ms, longtasks 0(0 ms), heap 9.5 MB)
  low-android/sha20/inline/cold rep 25/50: solve 497 ms (p2v 553 ms, tx 250773 B, cachehits 0, js 39 ms, wasmC - ms, longtasks 0(0 ms), heap 9.5 MB)
  low-android/sha20/inline/cold rep 26/50: solve 6884 ms (p2v 6939 ms, tx 250772 B, cachehits 0, js 40 ms, wasmC - ms, longtasks 0(0 ms), heap 9.5 MB)
  low-android/sha20/inline/cold rep 27/50: solve 2530 ms (p2v 2584 ms, tx 250771 B, cachehits 0, js 38 ms, wasmC - ms, longtasks 0(0 ms), heap 9.5 MB)
  low-android/sha20/inline/cold rep 28/50: solve 122 ms (p2v 178 ms, tx 250773 B, cachehits 0, js 37 ms, wasmC - ms, longtasks 0(0 ms), heap 9.5 MB)
  low-android/sha20/inline/cold rep 29/50: solve 350 ms (p2v 411 ms, tx 250772 B, cachehits 0, js 44 ms, wasmC - ms, longtasks 0(0 ms), heap 9.5 MB)
  low-android/sha20/inline/cold rep 30/50: solve 1165 ms (p2v 1219 ms, tx 250771 B, cachehits 0, js 38 ms, wasmC - ms, longtasks 0(0 ms), heap 9.5 MB)
  low-android/sha20/inline/cold rep 31/50: solve 1168 ms (p2v 1226 ms, tx 250771 B, cachehits 0, js 40 ms, wasmC - ms, longtasks 0(0 ms), heap 9.5 MB)
  low-android/sha20/inline/cold rep 32/50: solve 576 ms (p2v 631 ms, tx 250773 B, cachehits 0, js 36 ms, wasmC - ms, longtasks 0(0 ms), heap 9.5 MB)
  low-android/sha20/inline/cold rep 33/50: solve 1468 ms (p2v 1523 ms, tx 250776 B, cachehits 0, js 34 ms, wasmC - ms, longtasks 0(0 ms), heap 9.5 MB)
  low-android/sha20/inline/cold rep 34/50: solve 112 ms (p2v 168 ms, tx 250771 B, cachehits 0, js 37 ms, wasmC - ms, longtasks 0(0 ms), heap 9.5 MB)
  low-android/sha20/inline/cold rep 35/50: solve 267 ms (p2v 324 ms, tx 250771 B, cachehits 0, js 42 ms, wasmC - ms, longtasks 0(0 ms), heap 9.5 MB)
  low-android/sha20/inline/cold rep 36/50: solve 598 ms (p2v 653 ms, tx 250776 B, cachehits 0, js 37 ms, wasmC - ms, longtasks 0(0 ms), heap 9.5 MB)
  low-android/sha20/inline/cold rep 37/50: solve 846 ms (p2v 904 ms, tx 250773 B, cachehits 0, js 41 ms, wasmC - ms, longtasks 0(0 ms), heap 9.5 MB)
  low-android/sha20/inline/cold rep 38/50: solve 382 ms (p2v 437 ms, tx 250771 B, cachehits 0, js 38 ms, wasmC - ms, longtasks 0(0 ms), heap 9.5 MB)
  low-android/sha20/inline/cold rep 39/50: solve 312 ms (p2v 376 ms, tx 250774 B, cachehits 0, js 49 ms, wasmC - ms, longtasks 1(52 ms), heap 9.5 MB)
  low-android/sha20/inline/cold rep 40/50: solve 444 ms (p2v 527 ms, tx 250774 B, cachehits 0, js 41 ms, wasmC - ms, longtasks 0(0 ms), heap 9.5 MB)
  low-android/sha20/inline/cold rep 41/50: solve 185 ms (p2v 238 ms, tx 250774 B, cachehits 0, js 37 ms, wasmC - ms, longtasks 0(0 ms), heap 9.5 MB)
  low-android/sha20/inline/cold rep 42/50: solve 2287 ms (p2v 2340 ms, tx 250772 B, cachehits 0, js 36 ms, wasmC - ms, longtasks 0(0 ms), heap 9.5 MB)
  low-android/sha20/inline/cold rep 43/50: solve 980 ms (p2v 1034 ms, tx 250773 B, cachehits 0, js 39 ms, wasmC - ms, longtasks 0(0 ms), heap 9.5 MB)
  low-android/sha20/inline/cold rep 44/50: solve 6738 ms (p2v 6791 ms, tx 250773 B, cachehits 0, js 39 ms, wasmC - ms, longtasks 0(0 ms), heap 9.5 MB)
  low-android/sha20/inline/cold rep 45/50: solve 934 ms (p2v 993 ms, tx 250776 B, cachehits 0, js 39 ms, wasmC - ms, longtasks 0(0 ms), heap 9.5 MB)
  low-android/sha20/inline/cold rep 46/50: solve 3697 ms (p2v 3758 ms, tx 250771 B, cachehits 0, js 43 ms, wasmC - ms, longtasks 0(0 ms), heap 9.5 MB)
  low-android/sha20/inline/cold rep 47/50: solve 298 ms (p2v 354 ms, tx 250773 B, cachehits 0, js 37 ms, wasmC - ms, longtasks 0(0 ms), heap 9.5 MB)
  low-android/sha20/inline/cold rep 48/50: solve 446 ms (p2v 503 ms, tx 250771 B, cachehits 0, js 39 ms, wasmC - ms, longtasks 0(0 ms), heap 9.5 MB)
  low-android/sha20/inline/cold rep 49/50: solve 1920 ms (p2v 1975 ms, tx 250773 B, cachehits 0, js 41 ms, wasmC - ms, longtasks 0(0 ms), heap 9.5 MB)
  low-android/sha20/inline/cold rep 50/50: solve 1747 ms (p2v 1802 ms, tx 250771 B, cachehits 0, js 38 ms, wasmC - ms, longtasks 0(0 ms), heap 9.5 MB)
  low-android/sha20/inline/warm pre-warmed the context (rep 0 discarded)

  low-android/sha20/inline/warm rep 1/50: solve 1673 ms (p2v 1741 ms, tx 250775 B, cachehits 0, js 48 ms, wasmC - ms, longtasks 1(53 ms), heap 9.5 MB)
  low-android/sha20/inline/warm rep 2/50: solve 3379 ms (p2v 3435 ms, tx 250771 B, cachehits 0, js 37 ms, wasmC - ms, longtasks 0(0 ms), heap 9.5 MB)
  low-android/sha20/inline/warm rep 3/50: solve 919 ms (p2v 978 ms, tx 250772 B, cachehits 0, js 38 ms, wasmC - ms, longtasks 0(0 ms), heap 9.5 MB)
  low-android/sha20/inline/warm rep 4/50: solve 977 ms (p2v 1038 ms, tx 250774 B, cachehits 0, js 38 ms, wasmC - ms, longtasks 0(0 ms), heap 9.5 MB)
  low-android/sha20/inline/warm rep 5/50: solve 2969 ms (p2v 3025 ms, tx 250774 B, cachehits 0, js 35 ms, wasmC - ms, longtasks 0(0 ms), heap 9.5 MB)
  low-android/sha20/inline/warm rep 6/50: solve 7781 ms (p2v 7925 ms, tx 250771 B, cachehits 0, js 23 ms, wasmC - ms, longtasks 0(0 ms), heap 9.5 MB)
  low-android/sha20/inline/warm rep 7/50: solve 811 ms (p2v 874 ms, tx 250771 B, cachehits 0, js 42 ms, wasmC - ms, longtasks 0(0 ms), heap 9.5 MB)
  low-android/sha20/inline/warm rep 8/50: solve 2059 ms (p2v 2119 ms, tx 250772 B, cachehits 0, js 40 ms, wasmC - ms, longtasks 0(0 ms), heap 9.5 MB)
  low-android/sha20/inline/warm rep 9/50: solve 5620 ms (p2v 5681 ms, tx 250771 B, cachehits 0, js 44 ms, wasmC - ms, longtasks 0(0 ms), heap 9.5 MB)
  low-android/sha20/inline/warm rep 10/50: solve 1086 ms (p2v 1147 ms, tx 250773 B, cachehits 0, js 42 ms, wasmC - ms, longtasks 0(0 ms), heap 9.5 MB)
  low-android/sha20/inline/warm rep 11/50: solve 731 ms (p2v 791 ms, tx 250771 B, cachehits 0, js 39 ms, wasmC - ms, longtasks 0(0 ms), heap 9.5 MB)
  low-android/sha20/inline/warm rep 12/50: solve 2091 ms (p2v 2148 ms, tx 250773 B, cachehits 0, js 39 ms, wasmC - ms, longtasks 0(0 ms), heap 9.5 MB)
  low-android/sha20/inline/warm rep 13/50: solve 1808 ms (p2v 1865 ms, tx 250772 B, cachehits 0, js 38 ms, wasmC - ms, longtasks 0(0 ms), heap 9.5 MB)
  low-android/sha20/inline/warm rep 14/50: solve 139 ms (p2v 197 ms, tx 250774 B, cachehits 0, js 37 ms, wasmC - ms, longtasks 0(0 ms), heap 9.5 MB)
  low-android/sha20/inline/warm rep 15/50: solve 1844 ms (p2v 1902 ms, tx 250771 B, cachehits 0, js 39 ms, wasmC - ms, longtasks 0(0 ms), heap 9.5 MB)
  low-android/sha20/inline/warm rep 16/50: solve 220 ms (p2v 276 ms, tx 250771 B, cachehits 0, js 24 ms, wasmC - ms, longtasks 0(0 ms), heap 9.5 MB)
  low-android/sha20/inline/warm rep 17/50: solve 543 ms (p2v 596 ms, tx 250773 B, cachehits 0, js 33 ms, wasmC - ms, longtasks 0(0 ms), heap 9.5 MB)
  low-android/sha20/inline/warm rep 18/50: solve 4644 ms (p2v 4704 ms, tx 250773 B, cachehits 0, js 38 ms, wasmC - ms, longtasks 0(0 ms), heap 9.5 MB)
  low-android/sha20/inline/warm rep 19/50: solve 2977 ms (p2v 3035 ms, tx 250777 B, cachehits 0, js 40 ms, wasmC - ms, longtasks 0(0 ms), heap 9.5 MB)
  low-android/sha20/inline/warm rep 20/50: solve 591 ms (p2v 650 ms, tx 250775 B, cachehits 0, js 37 ms, wasmC - ms, longtasks 0(0 ms), heap 9.5 MB)
  low-android/sha20/inline/warm rep 21/50: solve 552 ms (p2v 612 ms, tx 250771 B, cachehits 0, js 37 ms, wasmC - ms, longtasks 0(0 ms), heap 9.5 MB)
  low-android/sha20/inline/warm rep 22/50: solve 1392 ms (p2v 1456 ms, tx 250771 B, cachehits 0, js 43 ms, wasmC - ms, longtasks 0(0 ms), heap 9.5 MB)
  low-android/sha20/inline/warm rep 23/50: solve 2937 ms (p2v 2996 ms, tx 250772 B, cachehits 0, js 36 ms, wasmC - ms, longtasks 0(0 ms), heap 9.5 MB)
  low-android/sha20/inline/warm rep 24/50: solve 1746 ms (p2v 1812 ms, tx 250772 B, cachehits 0, js 40 ms, wasmC - ms, longtasks 1(54 ms), heap 9.5 MB)
  low-android/sha20/inline/warm rep 25/50: solve 3524 ms (p2v 3610 ms, tx 250772 B, cachehits 0, js 60 ms, wasmC - ms, longtasks 1(74 ms), heap 9.5 MB)
  low-android/sha20/inline/warm rep 26/50: solve 1656 ms (p2v 1741 ms, tx 250772 B, cachehits 0, js 57 ms, wasmC - ms, longtasks 1(76 ms), heap 9.5 MB)
  low-android/sha20/inline/warm rep 27/50: solve 1098 ms (p2v 1158 ms, tx 250773 B, cachehits 0, js 38 ms, wasmC - ms, longtasks 0(0 ms), heap 9.5 MB)
  low-android/sha20/inline/warm rep 28/50: solve 6053 ms (p2v 6113 ms, tx 250774 B, cachehits 0, js 41 ms, wasmC - ms, longtasks 0(0 ms), heap 9.5 MB)
  low-android/sha20/inline/warm rep 29/50: solve 2033 ms (p2v 2092 ms, tx 250771 B, cachehits 0, js 39 ms, wasmC - ms, longtasks 0(0 ms), heap 9.5 MB)
  low-android/sha20/inline/warm rep 30/50: solve 2083 ms (p2v 2143 ms, tx 250774 B, cachehits 0, js 39 ms, wasmC - ms, longtasks 0(0 ms), heap 9.5 MB)
  low-android/sha20/inline/warm rep 31/50: solve 886 ms (p2v 941 ms, tx 250773 B, cachehits 0, js 36 ms, wasmC - ms, longtasks 0(0 ms), heap 9.5 MB)
  low-android/sha20/inline/warm rep 32/50: solve 153 ms (p2v 212 ms, tx 250772 B, cachehits 0, js 39 ms, wasmC - ms, longtasks 0(0 ms), heap 9.5 MB)
  low-android/sha20/inline/warm rep 33/50: solve 1634 ms (p2v 1693 ms, tx 250772 B, cachehits 0, js 40 ms, wasmC - ms, longtasks 0(0 ms), heap 9.5 MB)
  low-android/sha20/inline/warm rep 34/50: solve 77 ms (p2v 135 ms, tx 250773 B, cachehits 0, js 38 ms, wasmC - ms, longtasks 0(0 ms), heap 9.5 MB)
  low-android/sha20/inline/warm rep 35/50: solve 2501 ms (p2v 2559 ms, tx 250774 B, cachehits 0, js 37 ms, wasmC - ms, longtasks 0(0 ms), heap 9.5 MB)
  low-android/sha20/inline/warm rep 36/50: solve 182 ms (p2v 242 ms, tx 250771 B, cachehits 0, js 38 ms, wasmC - ms, longtasks 0(0 ms), heap 9.5 MB)
  low-android/sha20/inline/warm rep 37/50: solve 528 ms (p2v 588 ms, tx 250773 B, cachehits 0, js 39 ms, wasmC - ms, longtasks 0(0 ms), heap 9.5 MB)
  low-android/sha20/inline/warm rep 38/50: solve - ms (p2v - ms, tx 251080 B, cachehits 0, js 37 ms, wasmC - ms, longtasks 0(0 ms), heap 9.5 MB TIMED OUT ERRORS=1)
  low-android/sha20/inline/warm rep 39/50: solve 1975 ms (p2v 2034 ms, tx 250773 B, cachehits 0, js 40 ms, wasmC - ms, longtasks 0(0 ms), heap 9.5 MB)
  low-android/sha20/inline/warm rep 40/50: solve 1182 ms (p2v 1243 ms, tx 250771 B, cachehits 0, js 41 ms, wasmC - ms, longtasks 0(0 ms), heap 9.5 MB)
  low-android/sha20/inline/warm rep 41/50: solve 249 ms (p2v 308 ms, tx 250771 B, cachehits 0, js 38 ms, wasmC - ms, longtasks 0(0 ms), heap 9.5 MB)
  low-android/sha20/inline/warm rep 42/50: solve 202 ms (p2v 258 ms, tx 250772 B, cachehits 0, js 34 ms, wasmC - ms, longtasks 0(0 ms), heap 9.5 MB)
  low-android/sha20/inline/warm rep 43/50: solve 1185 ms (p2v 1244 ms, tx 250772 B, cachehits 0, js 37 ms, wasmC - ms, longtasks 0(0 ms), heap 9.5 MB)
  low-android/sha20/inline/warm rep 44/50: solve 433 ms (p2v 494 ms, tx 250779 B, cachehits 0, js 38 ms, wasmC - ms, longtasks 0(0 ms), heap 9.5 MB)
  low-android/sha20/inline/warm rep 45/50: solve 1810 ms (p2v 1867 ms, tx 250771 B, cachehits 0, js 38 ms, wasmC - ms, longtasks 0(0 ms), heap 9.5 MB)
  low-android/sha20/inline/warm rep 46/50: solve 1699 ms (p2v 1757 ms, tx 250771 B, cachehits 0, js 41 ms, wasmC - ms, longtasks 0(0 ms), heap 9.5 MB)
  low-android/sha20/inline/warm rep 47/50: solve 5252 ms (p2v 5310 ms, tx 250772 B, cachehits 0, js 40 ms, wasmC - ms, longtasks 0(0 ms), heap 9.5 MB)
  low-android/sha20/inline/warm rep 48/50: solve 4494 ms (p2v 4552 ms, tx 250771 B, cachehits 0, js 39 ms, wasmC - ms, longtasks 0(0 ms), heap 9.5 MB)
  low-android/sha20/inline/warm rep 49/50: solve 1857 ms (p2v 1915 ms, tx 250771 B, cachehits 0, js 38 ms, wasmC - ms, longtasks 0(0 ms), heap 9.5 MB)
  low-android/sha20/inline/warm rep 50/50: solve 2070 ms (p2v 2128 ms, tx 250774 B, cachehits 0, js 26 ms, wasmC - ms, longtasks 0(0 ms), heap 9.5 MB)
  repeat navigation low-android/sha20/inline/warm: p2v 2794 ms, tx 250773 B, cachehits 0, load 61 ms
  low-android/argon2id/inline/cold rep 1/20: solve 6362 ms (p2v 6416 ms, tx 250807 B, cachehits 0, js 38 ms, wasmC - ms, worker 13 ms, longtasks 0(0 ms), heap 9.5 MB)
  low-android/argon2id/inline/cold rep 2/20: solve 15473 ms (p2v 15528 ms, tx 250804 B, cachehits 0, js 36 ms, wasmC - ms, worker 16 ms, longtasks 0(0 ms), heap 9.5 MB)
  low-android/argon2id/inline/cold rep 3/20: solve 7025 ms (p2v 7080 ms, tx 250803 B, cachehits 0, js 37 ms, wasmC - ms, worker 16 ms, longtasks 0(0 ms), heap 9.5 MB)
  low-android/argon2id/inline/cold rep 4/20: solve 27350 ms (p2v 27409 ms, tx 250807 B, cachehits 0, js 43 ms, wasmC - ms, worker 15 ms, longtasks 0(0 ms), heap 9.5 MB)
  low-android/argon2id/inline/cold rep 5/20: solve 8985 ms (p2v 9043 ms, tx 250806 B, cachehits 0, js 40 ms, wasmC - ms, worker 15 ms, longtasks 0(0 ms), heap 9.5 MB)
  low-android/argon2id/inline/cold rep 6/20: solve 1415 ms (p2v 1472 ms, tx 250803 B, cachehits 0, js 43 ms, wasmC - ms, worker 10 ms, longtasks 0(0 ms), heap 9.5 MB)
  low-android/argon2id/inline/cold rep 7/20: solve 4217 ms (p2v 4281 ms, tx 250803 B, cachehits 0, js 46 ms, wasmC - ms, worker 18 ms, longtasks 0(0 ms), heap 9.5 MB)
  low-android/argon2id/inline/cold rep 8/20: solve 4458 ms (p2v 4519 ms, tx 250803 B, cachehits 0, js 43 ms, wasmC - ms, worker 15 ms, longtasks 0(0 ms), heap 9.5 MB)
  low-android/argon2id/inline/cold rep 9/20: solve 418 ms (p2v 470 ms, tx 250804 B, cachehits 0, js 36 ms, wasmC - ms, worker 15 ms, longtasks 0(0 ms), heap 9.5 MB)
  low-android/argon2id/inline/cold rep 10/20: solve 14373 ms (p2v 14428 ms, tx 250806 B, cachehits 0, js 39 ms, wasmC - ms, worker 15 ms, longtasks 0(0 ms), heap 9.5 MB)
  low-android/argon2id/inline/cold rep 11/20: solve 846 ms (p2v 903 ms, tx 250804 B, cachehits 0, js 39 ms, wasmC - ms, worker 14 ms, longtasks 0(0 ms), heap 9.5 MB)
  low-android/argon2id/inline/cold rep 12/20: solve 1591 ms (p2v 1647 ms, tx 250803 B, cachehits 0, js 38 ms, wasmC - ms, worker 14 ms, longtasks 0(0 ms), heap 9.5 MB)
  low-android/argon2id/inline/cold rep 13/20: solve 5886 ms (p2v 5942 ms, tx 250804 B, cachehits 0, js 38 ms, wasmC - ms, worker 14 ms, longtasks 0(0 ms), heap 9.5 MB)
  low-android/argon2id/inline/cold rep 14/20: solve 4818 ms (p2v 4873 ms, tx 250804 B, cachehits 0, js 38 ms, wasmC - ms, worker 14 ms, longtasks 0(0 ms), heap 9.5 MB)
  low-android/argon2id/inline/cold rep 15/20: solve 2691 ms (p2v 2748 ms, tx 250803 B, cachehits 0, js 39 ms, wasmC - ms, worker 17 ms, longtasks 0(0 ms), heap 9.5 MB)
  low-android/argon2id/inline/cold rep 16/20: solve 1143 ms (p2v 1198 ms, tx 250804 B, cachehits 0, js 37 ms, wasmC - ms, worker 13 ms, longtasks 0(0 ms), heap 9.5 MB)
  low-android/argon2id/inline/cold rep 17/20: solve 12765 ms (p2v 12820 ms, tx 250804 B, cachehits 0, js 39 ms, wasmC - ms, worker 16 ms, longtasks 0(0 ms), heap 9.5 MB)
  low-android/argon2id/inline/cold rep 18/20: solve 16094 ms (p2v 16152 ms, tx 250805 B, cachehits 0, js 41 ms, wasmC - ms, worker 17 ms, longtasks 0(0 ms), heap 9.5 MB)
  low-android/argon2id/inline/cold rep 19/20: solve 26862 ms (p2v 26929 ms, tx 250805 B, cachehits 0, js 50 ms, wasmC - ms, worker 14 ms, longtasks 1(62 ms), heap 9.5 MB)
  low-android/argon2id/inline/cold rep 20/20: solve 5052 ms (p2v 5105 ms, tx 250803 B, cachehits 0, js 36 ms, wasmC - ms, worker 17 ms, longtasks 0(0 ms), heap 9.5 MB)
  low-android/argon2id/inline/warm pre-warmed the context (rep 0 discarded)

  low-android/argon2id/inline/warm rep 1/20: solve 2703 ms (p2v 2763 ms, tx 250804 B, cachehits 0, js 38 ms, wasmC - ms, worker 17 ms, longtasks 0(0 ms), heap 9.5 MB)
  low-android/argon2id/inline/warm rep 2/20: solve 7146 ms (p2v 7204 ms, tx 250803 B, cachehits 0, js 39 ms, wasmC - ms, worker 14 ms, longtasks 0(0 ms), heap 9.5 MB)
  low-android/argon2id/inline/warm rep 3/20: solve 2074 ms (p2v 2134 ms, tx 250805 B, cachehits 0, js 40 ms, wasmC - ms, worker 16 ms, longtasks 0(0 ms), heap 9.5 MB)
  low-android/argon2id/inline/warm rep 4/20: solve 737 ms (p2v 796 ms, tx 250808 B, cachehits 0, js 34 ms, wasmC - ms, worker 16 ms, longtasks 0(0 ms), heap 9.5 MB)
  low-android/argon2id/inline/warm rep 5/20: solve 3010 ms (p2v 3069 ms, tx 250803 B, cachehits 0, js 37 ms, wasmC - ms, worker 13 ms, longtasks 0(0 ms), heap 9.5 MB)
  low-android/argon2id/inline/warm rep 6/20: solve 856 ms (p2v 917 ms, tx 250805 B, cachehits 0, js 41 ms, wasmC - ms, worker 14 ms, longtasks 0(0 ms), heap 9.5 MB)
  low-android/argon2id/inline/warm rep 7/20: solve 2926 ms (p2v 2982 ms, tx 250804 B, cachehits 0, js 37 ms, wasmC - ms, worker 16 ms, longtasks 0(0 ms), heap 9.5 MB)
  low-android/argon2id/inline/warm rep 8/20: solve 1976 ms (p2v 2039 ms, tx 250804 B, cachehits 0, js 39 ms, wasmC - ms, worker 16 ms, longtasks 0(0 ms), heap 9.5 MB)
  low-android/argon2id/inline/warm rep 9/20: solve 1926 ms (p2v 1982 ms, tx 250803 B, cachehits 0, js 38 ms, wasmC - ms, worker 14 ms, longtasks 0(0 ms), heap 9.5 MB)
  low-android/argon2id/inline/warm rep 10/20: solve 5072 ms (p2v 5130 ms, tx 250803 B, cachehits 0, js 41 ms, wasmC - ms, worker 15 ms, longtasks 0(0 ms), heap 9.5 MB)
  low-android/argon2id/inline/warm rep 11/20: solve 5621 ms (p2v 5678 ms, tx 250806 B, cachehits 0, js 36 ms, wasmC - ms, worker 13 ms, longtasks 0(0 ms), heap 9.5 MB)
  low-android/argon2id/inline/warm rep 12/20: solve 993 ms (p2v 1056 ms, tx 250803 B, cachehits 0, js 44 ms, wasmC - ms, worker 17 ms, longtasks 0(0 ms), heap 9.5 MB)
  low-android/argon2id/inline/warm rep 13/20: solve 10743 ms (p2v 10805 ms, tx 250804 B, cachehits 0, js 41 ms, wasmC - ms, worker 15 ms, longtasks 0(0 ms), heap 9.5 MB)
  low-android/argon2id/inline/warm rep 14/20: solve 3780 ms (p2v 3840 ms, tx 250803 B, cachehits 0, js 38 ms, wasmC - ms, worker 15 ms, longtasks 0(0 ms), heap 9.5 MB)
  low-android/argon2id/inline/warm rep 15/20: solve 2342 ms (p2v 2401 ms, tx 250803 B, cachehits 0, js 36 ms, wasmC - ms, worker 14 ms, longtasks 0(0 ms), heap 9.5 MB)
  low-android/argon2id/inline/warm rep 16/20: solve 10312 ms (p2v 10370 ms, tx 250803 B, cachehits 0, js 38 ms, wasmC - ms, worker 14 ms, longtasks 0(0 ms), heap 9.5 MB)
  low-android/argon2id/inline/warm rep 17/20: solve 3442 ms (p2v 3501 ms, tx 250804 B, cachehits 0, js 38 ms, wasmC - ms, worker 17 ms, longtasks 0(0 ms), heap 9.5 MB)
  low-android/argon2id/inline/warm rep 18/20: solve 21702 ms (p2v 21761 ms, tx 250803 B, cachehits 0, js 40 ms, wasmC - ms, worker 13 ms, longtasks 0(0 ms), heap 9.5 MB)
  low-android/argon2id/inline/warm rep 19/20: solve 4253 ms (p2v 4311 ms, tx 250805 B, cachehits 0, js 37 ms, wasmC - ms, worker 14 ms, longtasks 0(0 ms), heap 9.5 MB)
  low-android/argon2id/inline/warm rep 20/20: solve 22684 ms (p2v 22744 ms, tx 250804 B, cachehits 0, js 41 ms, wasmC - ms, worker 15 ms, longtasks 0(0 ms), heap 9.5 MB)
  repeat navigation low-android/argon2id/inline/warm: p2v 4165 ms, tx 250804 B, cachehits 0, load 67 ms
  low-android/sha16/files/cold rep 1/50: solve 180 ms (p2v 232 ms, tx 173433 B, cachehits 0, js 23 ms, wasmC - ms, longtasks 0(0 ms), heap 9.5 MB)
  low-android/sha16/files/cold rep 2/50: solve 727 ms (p2v 774 ms, tx 173433 B, cachehits 0, js 21 ms, wasmC - ms, longtasks 0(0 ms), heap 9.5 MB)
  low-android/sha16/files/cold rep 3/50: solve 65 ms (p2v 176 ms, tx 173433 B, cachehits 0, js - ms, wasmC - ms, longtasks 0(0 ms), heap 9.5 MB)
  low-android/sha16/files/cold rep 4/50: solve 748 ms (p2v 820 ms, tx 173432 B, cachehits 0, js 34 ms, wasmC - ms, longtasks 1(58 ms), heap 9.5 MB)
  low-android/sha16/files/cold rep 5/50: solve 573 ms (p2v 625 ms, tx 173433 B, cachehits 0, js 30 ms, wasmC - ms, longtasks 1(51 ms), heap 9.5 MB)
  low-android/sha16/files/cold rep 6/50: solve 1610 ms (p2v 1656 ms, tx 173434 B, cachehits 0, js 22 ms, wasmC - ms, longtasks 0(0 ms), heap 9.5 MB)
  low-android/sha16/files/cold rep 7/50: solve 77 ms (p2v 123 ms, tx 173432 B, cachehits 0, js 25 ms, wasmC - ms, longtasks 0(0 ms), heap 9.5 MB)
  low-android/sha16/files/cold rep 8/50: solve 1295 ms (p2v 1344 ms, tx 173435 B, cachehits 0, js 24 ms, wasmC - ms, longtasks 0(0 ms), heap 9.5 MB)
  low-android/sha16/files/cold rep 9/50: solve 852 ms (p2v 900 ms, tx 173432 B, cachehits 0, js 23 ms, wasmC - ms, longtasks 0(0 ms), heap 9.5 MB)
  low-android/sha16/files/cold rep 10/50: solve 481 ms (p2v 532 ms, tx 173432 B, cachehits 0, js 24 ms, wasmC - ms, longtasks 0(0 ms), heap 9.5 MB)
  low-android/sha16/files/cold rep 11/50: solve 211 ms (p2v 260 ms, tx 173434 B, cachehits 0, js 28 ms, wasmC - ms, longtasks 0(0 ms), heap 9.5 MB)
  low-android/sha16/files/cold rep 12/50: solve 2561 ms (p2v 2608 ms, tx 173432 B, cachehits 0, js 23 ms, wasmC - ms, longtasks 0(0 ms), heap 9.5 MB)
  low-android/sha16/files/cold rep 13/50: solve 111 ms (p2v 155 ms, tx 173431 B, cachehits 0, js 25 ms, wasmC - ms, longtasks 0(0 ms), heap 9.5 MB)
  low-android/sha16/files/cold rep 14/50: solve 1933 ms (p2v 1977 ms, tx 173433 B, cachehits 0, js 23 ms, wasmC - ms, longtasks 0(0 ms), heap 9.5 MB)
  low-android/sha16/files/cold rep 15/50: solve 983 ms (p2v 1029 ms, tx 173432 B, cachehits 0, js 25 ms, wasmC - ms, longtasks 0(0 ms), heap 9.5 MB)
  low-android/sha16/files/cold rep 16/50: solve 1408 ms (p2v 1455 ms, tx 173432 B, cachehits 0, js 24 ms, wasmC - ms, longtasks 0(0 ms), heap 9.5 MB)
  low-android/sha16/files/cold rep 17/50: solve 70 ms (p2v 118 ms, tx 173431 B, cachehits 0, js 24 ms, wasmC - ms, longtasks 0(0 ms), heap 9.5 MB)
  low-android/sha16/files/cold rep 18/50: solve 681 ms (p2v 731 ms, tx 173433 B, cachehits 0, js 27 ms, wasmC - ms, longtasks 0(0 ms), heap 9.5 MB)
  low-android/sha16/files/cold rep 19/50: solve 1493 ms (p2v 1543 ms, tx 173433 B, cachehits 0, js 28 ms, wasmC - ms, longtasks 0(0 ms), heap 9.5 MB)
  low-android/sha16/files/cold rep 20/50: solve 258 ms (p2v 307 ms, tx 173435 B, cachehits 0, js 25 ms, wasmC - ms, longtasks 0(0 ms), heap 9.5 MB)
  low-android/sha16/files/cold rep 21/50: solve 212 ms (p2v 261 ms, tx 173434 B, cachehits 0, js 23 ms, wasmC - ms, longtasks 0(0 ms), heap 9.5 MB)
  low-android/sha16/files/cold rep 22/50: solve 731 ms (p2v 777 ms, tx 173432 B, cachehits 0, js 22 ms, wasmC - ms, longtasks 0(0 ms), heap 9.5 MB)
  low-android/sha16/files/cold rep 23/50: solve 265 ms (p2v 312 ms, tx 173432 B, cachehits 0, js 23 ms, wasmC - ms, longtasks 0(0 ms), heap 9.5 MB)
  low-android/sha16/files/cold rep 24/50: solve 316 ms (p2v 369 ms, tx 173435 B, cachehits 0, js 28 ms, wasmC - ms, longtasks 0(0 ms), heap 9.5 MB)
  low-android/sha16/files/cold rep 25/50: solve 126 ms (p2v 174 ms, tx 173432 B, cachehits 0, js 24 ms, wasmC - ms, longtasks 0(0 ms), heap 9.5 MB)
  low-android/sha16/files/cold rep 26/50: solve 819 ms (p2v 868 ms, tx 173434 B, cachehits 0, js 25 ms, wasmC - ms, longtasks 0(0 ms), heap 9.5 MB)
  low-android/sha16/files/cold rep 27/50: solve 325 ms (p2v 371 ms, tx 173431 B, cachehits 0, js 22 ms, wasmC - ms, longtasks 0(0 ms), heap 9.5 MB)
  low-android/sha16/files/cold rep 28/50: solve 124 ms (p2v 169 ms, tx 173433 B, cachehits 0, js 24 ms, wasmC - ms, longtasks 0(0 ms), heap 9.5 MB)
  low-android/sha16/files/cold rep 29/50: solve 425 ms (p2v 472 ms, tx 173431 B, cachehits 0, js 26 ms, wasmC - ms, longtasks 0(0 ms), heap 9.5 MB)
  low-android/sha16/files/cold rep 30/50: solve 838 ms (p2v 891 ms, tx 173433 B, cachehits 0, js 26 ms, wasmC - ms, longtasks 0(0 ms), heap 9.5 MB)
  low-android/sha16/files/cold rep 31/50: solve 694 ms (p2v 741 ms, tx 173433 B, cachehits 0, js 26 ms, wasmC - ms, longtasks 0(0 ms), heap 9.5 MB)
  low-android/sha16/files/cold rep 32/50: solve 1045 ms (p2v 1093 ms, tx 173431 B, cachehits 0, js 26 ms, wasmC - ms, longtasks 0(0 ms), heap 9.5 MB)
  low-android/sha16/files/cold rep 33/50: solve 1474 ms (p2v 1523 ms, tx 173432 B, cachehits 0, js 24 ms, wasmC - ms, longtasks 0(0 ms), heap 9.5 MB)
  low-android/sha16/files/cold rep 34/50: solve 1911 ms (p2v 1959 ms, tx 173432 B, cachehits 0, js 23 ms, wasmC - ms, longtasks 0(0 ms), heap 9.5 MB)
  low-android/sha16/files/cold rep 35/50: solve 568 ms (p2v 617 ms, tx 173433 B, cachehits 0, js 25 ms, wasmC - ms, longtasks 0(0 ms), heap 9.5 MB)
  low-android/sha16/files/cold rep 36/50: solve 335 ms (p2v 384 ms, tx 173433 B, cachehits 0, js 22 ms, wasmC - ms, longtasks 0(0 ms), heap 9.5 MB)
  low-android/sha16/files/cold rep 37/50: solve 1990 ms (p2v 2034 ms, tx 173431 B, cachehits 0, js 19 ms, wasmC - ms, longtasks 0(0 ms), heap 9.5 MB)
  low-android/sha16/files/cold rep 38/50: solve 410 ms (p2v 457 ms, tx 173431 B, cachehits 0, js 26 ms, wasmC - ms, longtasks 0(0 ms), heap 9.5 MB)
  low-android/sha16/files/cold rep 39/50: solve 469 ms (p2v 513 ms, tx 173431 B, cachehits 0, js 25 ms, wasmC - ms, longtasks 0(0 ms), heap 9.5 MB)
  low-android/sha16/files/cold rep 40/50: solve 745 ms (p2v 790 ms, tx 173431 B, cachehits 0, js 24 ms, wasmC - ms, longtasks 0(0 ms), heap 9.5 MB)
  low-android/sha16/files/cold rep 41/50: solve 141 ms (p2v 190 ms, tx 173432 B, cachehits 0, js 25 ms, wasmC - ms, longtasks 0(0 ms), heap 9.5 MB)
  low-android/sha16/files/cold rep 42/50: solve 223 ms (p2v 269 ms, tx 173431 B, cachehits 0, js 21 ms, wasmC - ms, longtasks 0(0 ms), heap 9.5 MB)
  low-android/sha16/files/cold rep 43/50: solve 354 ms (p2v 400 ms, tx 173433 B, cachehits 0, js 22 ms, wasmC - ms, longtasks 0(0 ms), heap 9.5 MB)
  low-android/sha16/files/cold rep 44/50: solve 3577 ms (p2v 3620 ms, tx 173436 B, cachehits 0, js 22 ms, wasmC - ms, longtasks 0(0 ms), heap 9.5 MB)
  low-android/sha16/files/cold rep 45/50: solve 1435 ms (p2v 1483 ms, tx 173431 B, cachehits 0, js 23 ms, wasmC - ms, longtasks 0(0 ms), heap 9.5 MB)
  low-android/sha16/files/cold rep 46/50: solve 411 ms (p2v 456 ms, tx 173432 B, cachehits 0, js 23 ms, wasmC - ms, longtasks 0(0 ms), heap 9.5 MB)
  low-android/sha16/files/cold rep 47/50: solve 570 ms (p2v 619 ms, tx 173431 B, cachehits 0, js 23 ms, wasmC - ms, longtasks 0(0 ms), heap 9.5 MB)
  low-android/sha16/files/cold rep 48/50: solve 919 ms (p2v 966 ms, tx 173433 B, cachehits 0, js 24 ms, wasmC - ms, longtasks 0(0 ms), heap 9.5 MB)
  low-android/sha16/files/cold rep 49/50: solve 856 ms (p2v 905 ms, tx 173431 B, cachehits 0, js 24 ms, wasmC - ms, longtasks 0(0 ms), heap 9.5 MB)
  low-android/sha16/files/cold rep 50/50: solve 517 ms (p2v 564 ms, tx 173431 B, cachehits 0, js 22 ms, wasmC - ms, longtasks 0(0 ms), heap 9.5 MB)
  low-android/sha16/files/warm pre-warmed the context (rep 0 discarded)

  low-android/sha16/files/warm rep 1/50: solve 267 ms (p2v 318 ms, tx 16828 B, cachehits 2, js 24 ms, wasmC - ms, longtasks 0(0 ms), heap 9.5 MB)
  low-android/sha16/files/warm rep 2/50: solve 291 ms (p2v 343 ms, tx 16832 B, cachehits 2, js 25 ms, wasmC - ms, longtasks 0(0 ms), heap 9.5 MB)
  low-android/sha16/files/warm rep 3/50: solve 524 ms (p2v 576 ms, tx 16831 B, cachehits 2, js 24 ms, wasmC - ms, longtasks 0(0 ms), heap 9.5 MB)
  low-android/sha16/files/warm rep 4/50: solve 1283 ms (p2v 1335 ms, tx 16830 B, cachehits 2, js 24 ms, wasmC - ms, longtasks 0(0 ms), heap 9.5 MB)
  low-android/sha16/files/warm rep 5/50: solve 2340 ms (p2v 2391 ms, tx 16828 B, cachehits 2, js 24 ms, wasmC - ms, longtasks 0(0 ms), heap 9.5 MB)
  low-android/sha16/files/warm rep 6/50: solve 2196 ms (p2v 2241 ms, tx 16829 B, cachehits 2, js 19 ms, wasmC - ms, longtasks 0(0 ms), heap 9.5 MB)
  low-android/sha16/files/warm rep 7/50: solve 644 ms (p2v 692 ms, tx 16830 B, cachehits 2, js 23 ms, wasmC - ms, longtasks 0(0 ms), heap 9.5 MB)
  low-android/sha16/files/warm rep 8/50: solve 1248 ms (p2v 1298 ms, tx 16829 B, cachehits 2, js 23 ms, wasmC - ms, longtasks 0(0 ms), heap 9.5 MB)
  low-android/sha16/files/warm rep 9/50: solve 982 ms (p2v 1031 ms, tx 16831 B, cachehits 2, js 25 ms, wasmC - ms, longtasks 0(0 ms), heap 9.5 MB)
  low-android/sha16/files/warm rep 10/50: solve 1601 ms (p2v 1650 ms, tx 16832 B, cachehits 2, js 23 ms, wasmC - ms, longtasks 0(0 ms), heap 9.5 MB)
  low-android/sha16/files/warm rep 11/50: solve 903 ms (p2v 952 ms, tx 16828 B, cachehits 2, js 22 ms, wasmC - ms, longtasks 0(0 ms), heap 9.5 MB)
  low-android/sha16/files/warm rep 12/50: solve 261 ms (p2v 310 ms, tx 16828 B, cachehits 2, js 22 ms, wasmC - ms, longtasks 0(0 ms), heap 9.5 MB)
  low-android/sha16/files/warm rep 13/50: solve 973 ms (p2v 1022 ms, tx 16832 B, cachehits 2, js 22 ms, wasmC - ms, longtasks 0(0 ms), heap 9.5 MB)
  low-android/sha16/files/warm rep 14/50: solve 157 ms (p2v 210 ms, tx 16829 B, cachehits 2, js 25 ms, wasmC - ms, longtasks 0(0 ms), heap 9.5 MB)
  low-android/sha16/files/warm rep 15/50: solve 260 ms (p2v 312 ms, tx 16829 B, cachehits 2, js 23 ms, wasmC - ms, longtasks 0(0 ms), heap 9.5 MB)
  low-android/sha16/files/warm rep 16/50: solve 157 ms (p2v 204 ms, tx 16829 B, cachehits 2, js 22 ms, wasmC - ms, longtasks 0(0 ms), heap 9.5 MB)
  low-android/sha16/files/warm rep 17/50: solve 89 ms (p2v 140 ms, tx 16829 B, cachehits 2, js 27 ms, wasmC - ms, longtasks 0(0 ms), heap 9.5 MB)
  low-android/sha16/files/warm rep 18/50: solve 435 ms (p2v 484 ms, tx 16830 B, cachehits 2, js 25 ms, wasmC - ms, longtasks 0(0 ms), heap 9.5 MB)
  low-android/sha16/files/warm rep 19/50: solve 460 ms (p2v 506 ms, tx 16830 B, cachehits 2, js 22 ms, wasmC - ms, longtasks 0(0 ms), heap 9.5 MB)
  low-android/sha16/files/warm rep 20/50: solve 465 ms (p2v 514 ms, tx 16828 B, cachehits 2, js 22 ms, wasmC - ms, longtasks 0(0 ms), heap 9.5 MB)
  low-android/sha16/files/warm rep 21/50: solve 411 ms (p2v 460 ms, tx 16831 B, cachehits 2, js 23 ms, wasmC - ms, longtasks 0(0 ms), heap 9.5 MB)
  low-android/sha16/files/warm rep 22/50: solve 297 ms (p2v 343 ms, tx 16831 B, cachehits 2, js 23 ms, wasmC - ms, longtasks 0(0 ms), heap 9.5 MB)
  low-android/sha16/files/warm rep 23/50: solve 219 ms (p2v 268 ms, tx 16828 B, cachehits 2, js 25 ms, wasmC - ms, longtasks 0(0 ms), heap 9.5 MB)
  low-android/sha16/files/warm rep 24/50: solve 1529 ms (p2v 1578 ms, tx 16831 B, cachehits 2, js 24 ms, wasmC - ms, longtasks 0(0 ms), heap 9.5 MB)
  low-android/sha16/files/warm rep 25/50: solve 215 ms (p2v 268 ms, tx 16829 B, cachehits 2, js 26 ms, wasmC - ms, longtasks 0(0 ms), heap 9.5 MB)
  low-android/sha16/files/warm rep 26/50: solve 428 ms (p2v 479 ms, tx 16830 B, cachehits 2, js 24 ms, wasmC - ms, longtasks 0(0 ms), heap 9.5 MB)
  low-android/sha16/files/warm rep 27/50: solve 189 ms (p2v 242 ms, tx 16830 B, cachehits 2, js 26 ms, wasmC - ms, longtasks 0(0 ms), heap 9.5 MB)
  low-android/sha16/files/warm rep 28/50: solve 541 ms (p2v 591 ms, tx 16829 B, cachehits 2, js 21 ms, wasmC - ms, longtasks 0(0 ms), heap 9.5 MB)
  low-android/sha16/files/warm rep 29/50: solve 584 ms (p2v 635 ms, tx 16828 B, cachehits 2, js 23 ms, wasmC - ms, longtasks 0(0 ms), heap 9.5 MB)
  low-android/sha16/files/warm rep 30/50: solve 1908 ms (p2v 1959 ms, tx 16829 B, cachehits 2, js 24 ms, wasmC - ms, longtasks 0(0 ms), heap 9.5 MB)
  low-android/sha16/files/warm rep 31/50: solve 125 ms (p2v 176 ms, tx 16829 B, cachehits 2, js 23 ms, wasmC - ms, longtasks 0(0 ms), heap 9.5 MB)
  low-android/sha16/files/warm rep 32/50: solve 357 ms (p2v 406 ms, tx 16828 B, cachehits 2, js 23 ms, wasmC - ms, longtasks 0(0 ms), heap 9.5 MB)
  low-android/sha16/files/warm rep 33/50: solve 1389 ms (p2v 1438 ms, tx 16832 B, cachehits 2, js 21 ms, wasmC - ms, longtasks 0(0 ms), heap 9.5 MB)
  low-android/sha16/files/warm rep 34/50: solve 397 ms (p2v 446 ms, tx 16828 B, cachehits 2, js 22 ms, wasmC - ms, longtasks 0(0 ms), heap 9.5 MB)
  low-android/sha16/files/warm rep 35/50: solve 447 ms (p2v 498 ms, tx 16829 B, cachehits 2, js 22 ms, wasmC - ms, longtasks 0(0 ms), heap 9.5 MB)
  low-android/sha16/files/warm rep 36/50: solve 202 ms (p2v 253 ms, tx 16830 B, cachehits 2, js 25 ms, wasmC - ms, longtasks 0(0 ms), heap 9.5 MB)
  low-android/sha16/files/warm rep 37/50: solve 307 ms (p2v 357 ms, tx 16829 B, cachehits 2, js 22 ms, wasmC - ms, longtasks 0(0 ms), heap 9.5 MB)
  low-android/sha16/files/warm rep 38/50: solve 1546 ms (p2v 1597 ms, tx 16828 B, cachehits 2, js 24 ms, wasmC - ms, longtasks 0(0 ms), heap 9.5 MB)
  low-android/sha16/files/warm rep 39/50: solve 383 ms (p2v 430 ms, tx 16828 B, cachehits 2, js 21 ms, wasmC - ms, longtasks 0(0 ms), heap 9.5 MB)
  low-android/sha16/files/warm rep 40/50: solve 1912 ms (p2v 1959 ms, tx 16830 B, cachehits 2, js 21 ms, wasmC - ms, longtasks 0(0 ms), heap 9.5 MB)
  low-android/sha16/files/warm rep 41/50: solve 142 ms (p2v 195 ms, tx 16828 B, cachehits 2, js 25 ms, wasmC - ms, longtasks 0(0 ms), heap 9.5 MB)
  low-android/sha16/files/warm rep 42/50: solve 166 ms (p2v 220 ms, tx 16829 B, cachehits 2, js 28 ms, wasmC - ms, longtasks 0(0 ms), heap 9.5 MB)
  low-android/sha16/files/warm rep 43/50: solve 901 ms (p2v 953 ms, tx 16830 B, cachehits 2, js 27 ms, wasmC - ms, longtasks 0(0 ms), heap 9.5 MB)
  low-android/sha16/files/warm rep 44/50: solve 1909 ms (p2v 1966 ms, tx 16828 B, cachehits 2, js 28 ms, wasmC - ms, longtasks 1(50 ms), heap 9.5 MB)
  low-android/sha16/files/warm rep 45/50: solve 205 ms (p2v 257 ms, tx 16828 B, cachehits 2, js 26 ms, wasmC - ms, longtasks 0(0 ms), heap 9.5 MB)
  low-android/sha16/files/warm rep 46/50: solve 716 ms (p2v 764 ms, tx 16830 B, cachehits 2, js 22 ms, wasmC - ms, longtasks 0(0 ms), heap 9.5 MB)
  low-android/sha16/files/warm rep 47/50: solve 4226 ms (p2v 4277 ms, tx 16830 B, cachehits 2, js 24 ms, wasmC - ms, longtasks 0(0 ms), heap 9.5 MB)
  low-android/sha16/files/warm rep 48/50: solve 1051 ms (p2v 1099 ms, tx 16832 B, cachehits 2, js 22 ms, wasmC - ms, longtasks 0(0 ms), heap 9.5 MB)
  low-android/sha16/files/warm rep 49/50: solve 2717 ms (p2v 2765 ms, tx 16828 B, cachehits 2, js 22 ms, wasmC - ms, longtasks 0(0 ms), heap 9.5 MB)
  low-android/sha16/files/warm rep 50/50: solve 425 ms (p2v 473 ms, tx 16828 B, cachehits 2, js 20 ms, wasmC - ms, longtasks 0(0 ms), heap 9.5 MB)
  repeat navigation low-android/sha16/files/warm: p2v 943 ms, tx 16830 B, cachehits 2, load 52 ms
  low-android/sha18/files/cold rep 1/50: solve 1651 ms (p2v 1701 ms, tx 173431 B, cachehits 0, js 25 ms, wasmC - ms, longtasks 0(0 ms), heap 9.5 MB)
  low-android/sha18/files/cold rep 2/50: solve 232 ms (p2v 278 ms, tx 173433 B, cachehits 0, js 22 ms, wasmC - ms, longtasks 0(0 ms), heap 9.5 MB)
  low-android/sha18/files/cold rep 3/50: solve 234 ms (p2v 282 ms, tx 173432 B, cachehits 0, js 24 ms, wasmC - ms, longtasks 0(0 ms), heap 9.5 MB)
  low-android/sha18/files/cold rep 4/50: solve 2077 ms (p2v 2123 ms, tx 173432 B, cachehits 0, js 24 ms, wasmC - ms, longtasks 0(0 ms), heap 9.5 MB)
  low-android/sha18/files/cold rep 5/50: solve 767 ms (p2v 818 ms, tx 173431 B, cachehits 0, js 26 ms, wasmC - ms, longtasks 0(0 ms), heap 9.5 MB)
  low-android/sha18/files/cold rep 6/50: solve 2232 ms (p2v 2280 ms, tx 173432 B, cachehits 0, js 24 ms, wasmC - ms, longtasks 0(0 ms), heap 9.5 MB)
  low-android/sha18/files/cold rep 7/50: solve 2671 ms (p2v 2718 ms, tx 173431 B, cachehits 0, js 23 ms, wasmC - ms, longtasks 0(0 ms), heap 9.5 MB)
  low-android/sha18/files/cold rep 8/50: solve 6317 ms (p2v 6365 ms, tx 173436 B, cachehits 0, js 23 ms, wasmC - ms, longtasks 0(0 ms), heap 9.5 MB)
  low-android/sha18/files/cold rep 9/50: solve 2959 ms (p2v 3005 ms, tx 173432 B, cachehits 0, js 24 ms, wasmC - ms, longtasks 0(0 ms), heap 9.5 MB)
  low-android/sha18/files/cold rep 10/50: solve 1905 ms (p2v 1955 ms, tx 173431 B, cachehits 0, js 25 ms, wasmC - ms, longtasks 0(0 ms), heap 9.5 MB)
  low-android/sha18/files/cold rep 11/50: solve 3646 ms (p2v 3692 ms, tx 173431 B, cachehits 0, js 24 ms, wasmC - ms, longtasks 0(0 ms), heap 9.5 MB)
  low-android/sha18/files/cold rep 12/50: solve 3993 ms (p2v 4036 ms, tx 173433 B, cachehits 0, js - ms, wasmC - ms, longtasks 0(0 ms), heap 9.5 MB)
  low-android/sha18/files/cold rep 13/50: solve 1145 ms (p2v 1192 ms, tx 173432 B, cachehits 0, js 26 ms, wasmC - ms, longtasks 0(0 ms), heap 9.5 MB)
  low-android/sha18/files/cold rep 14/50: solve 3820 ms (p2v 3864 ms, tx 173434 B, cachehits 0, js 24 ms, wasmC - ms, longtasks 0(0 ms), heap 9.5 MB)
  low-android/sha18/files/cold rep 15/50: solve 3272 ms (p2v 3320 ms, tx 173432 B, cachehits 0, js 25 ms, wasmC - ms, longtasks 0(0 ms), heap 9.5 MB)
  low-android/sha18/files/cold rep 16/50: solve 997 ms (p2v 1042 ms, tx 173432 B, cachehits 0, js 22 ms, wasmC - ms, longtasks 0(0 ms), heap 9.5 MB)
  low-android/sha18/files/cold rep 17/50: solve 1444 ms (p2v 1488 ms, tx 173434 B, cachehits 0, js 21 ms, wasmC - ms, longtasks 0(0 ms), heap 9.5 MB)
  low-android/sha18/files/cold rep 18/50: solve 3229 ms (p2v 3277 ms, tx 173431 B, cachehits 0, js 25 ms, wasmC - ms, longtasks 0(0 ms), heap 9.5 MB)
  low-android/sha18/files/cold rep 19/50: solve 2833 ms (p2v 2880 ms, tx 173434 B, cachehits 0, js 23 ms, wasmC - ms, longtasks 0(0 ms), heap 9.5 MB)
  low-android/sha18/files/cold rep 20/50: solve 2490 ms (p2v 2535 ms, tx 173433 B, cachehits 0, js 22 ms, wasmC - ms, longtasks 0(0 ms), heap 9.5 MB)
  low-android/sha18/files/cold rep 21/50: solve 783 ms (p2v 828 ms, tx 173431 B, cachehits 0, js 23 ms, wasmC - ms, longtasks 0(0 ms), heap 9.5 MB)
  low-android/sha18/files/cold rep 22/50: solve 1486 ms (p2v 1531 ms, tx 173435 B, cachehits 0, js 23 ms, wasmC - ms, longtasks 0(0 ms), heap 9.5 MB)
  low-android/sha18/files/cold rep 23/50: solve 1986 ms (p2v 2030 ms, tx 173434 B, cachehits 0, js - ms, wasmC - ms, longtasks 0(0 ms), heap 9.5 MB)
  low-android/sha18/files/cold rep 24/50: solve 5665 ms (p2v 5714 ms, tx 173431 B, cachehits 0, js 24 ms, wasmC - ms, longtasks 0(0 ms), heap 9.5 MB)
  low-android/sha18/files/cold rep 25/50: solve 3819 ms (p2v 3865 ms, tx 173432 B, cachehits 0, js 23 ms, wasmC - ms, longtasks 0(0 ms), heap 9.5 MB)
  low-android/sha18/files/cold rep 26/50: solve 1194 ms (p2v 1238 ms, tx 173431 B, cachehits 0, js 21 ms, wasmC - ms, longtasks 0(0 ms), heap 9.5 MB)
  low-android/sha18/files/cold rep 27/50: solve 1136 ms (p2v 1180 ms, tx 173431 B, cachehits 0, js 24 ms, wasmC - ms, longtasks 0(0 ms), heap 9.5 MB)
  low-android/sha18/files/cold rep 28/50: solve 6059 ms (p2v 6103 ms, tx 173433 B, cachehits 0, js 23 ms, wasmC - ms, longtasks 0(0 ms), heap 9.5 MB)
  low-android/sha18/files/cold rep 29/50: solve 5811 ms (p2v 5855 ms, tx 173433 B, cachehits 0, js 19 ms, wasmC - ms, longtasks 0(0 ms), heap 9.5 MB)
  low-android/sha18/files/cold rep 30/50: solve 2212 ms (p2v 2258 ms, tx 173435 B, cachehits 0, js 23 ms, wasmC - ms, longtasks 0(0 ms), heap 9.5 MB)
  low-android/sha18/files/cold rep 31/50: solve 2086 ms (p2v 2129 ms, tx 173431 B, cachehits 0, js 23 ms, wasmC - ms, longtasks 0(0 ms), heap 9.5 MB)
  low-android/sha18/files/cold rep 32/50: solve 3120 ms (p2v 3166 ms, tx 173434 B, cachehits 0, js 23 ms, wasmC - ms, longtasks 0(0 ms), heap 9.5 MB)
  low-android/sha18/files/cold rep 33/50: solve 1833 ms (p2v 1876 ms, tx 173433 B, cachehits 0, js 22 ms, wasmC - ms, longtasks 0(0 ms), heap 9.5 MB)
  low-android/sha18/files/cold rep 34/50: solve 1575 ms (p2v 1625 ms, tx 173431 B, cachehits 0, js 24 ms, wasmC - ms, longtasks 0(0 ms), heap 9.5 MB)
  low-android/sha18/files/cold rep 35/50: solve 853 ms (p2v 901 ms, tx 173434 B, cachehits 0, js 25 ms, wasmC - ms, longtasks 0(0 ms), heap 9.5 MB)
  low-android/sha18/files/cold rep 36/50: solve 4163 ms (p2v 4209 ms, tx 173433 B, cachehits 0, js 20 ms, wasmC - ms, longtasks 0(0 ms), heap 9.5 MB)
  low-android/sha18/files/cold rep 37/50: solve 92 ms (p2v 140 ms, tx 173431 B, cachehits 0, js 24 ms, wasmC - ms, longtasks 0(0 ms), heap 9.5 MB)
  low-android/sha18/files/cold rep 38/50: solve 1940 ms (p2v 1981 ms, tx 173432 B, cachehits 0, js - ms, wasmC - ms, longtasks 0(0 ms), heap 9.5 MB)
  low-android/sha18/files/cold rep 39/50: solve 307 ms (p2v 353 ms, tx 173431 B, cachehits 0, js 23 ms, wasmC - ms, longtasks 0(0 ms), heap 9.5 MB)
  low-android/sha18/files/cold rep 40/50: solve 1184 ms (p2v 1231 ms, tx 173431 B, cachehits 0, js 22 ms, wasmC - ms, longtasks 0(0 ms), heap 9.5 MB)
  low-android/sha18/files/cold rep 41/50: solve 1590 ms (p2v 1637 ms, tx 173432 B, cachehits 0, js 25 ms, wasmC - ms, longtasks 0(0 ms), heap 9.5 MB)
  low-android/sha18/files/cold rep 42/50: solve 1153 ms (p2v 1202 ms, tx 173431 B, cachehits 0, js 25 ms, wasmC - ms, longtasks 0(0 ms), heap 9.5 MB)
  low-android/sha18/files/cold rep 43/50: solve 339 ms (p2v 384 ms, tx 173431 B, cachehits 0, js 22 ms, wasmC - ms, longtasks 0(0 ms), heap 9.5 MB)
  low-android/sha18/files/cold rep 44/50: solve 573 ms (p2v 623 ms, tx 173433 B, cachehits 0, js 24 ms, wasmC - ms, longtasks 0(0 ms), heap 9.5 MB)
  low-android/sha18/files/cold rep 45/50: solve 2852 ms (p2v 2899 ms, tx 173432 B, cachehits 0, js 22 ms, wasmC - ms, longtasks 0(0 ms), heap 9.5 MB)
  low-android/sha18/files/cold rep 46/50: solve 12058 ms (p2v 12105 ms, tx 173433 B, cachehits 0, js 23 ms, wasmC - ms, longtasks 0(0 ms), heap 9.5 MB)
  low-android/sha18/files/cold rep 47/50: solve 4232 ms (p2v 4279 ms, tx 173431 B, cachehits 0, js 24 ms, wasmC - ms, longtasks 0(0 ms), heap 9.5 MB)
  low-android/sha18/files/cold rep 48/50: solve 1709 ms (p2v 1756 ms, tx 173431 B, cachehits 0, js 24 ms, wasmC - ms, longtasks 0(0 ms), heap 9.5 MB)
  low-android/sha18/files/cold rep 49/50: solve 9767 ms (p2v 9814 ms, tx 173432 B, cachehits 0, js 25 ms, wasmC - ms, longtasks 0(0 ms), heap 9.5 MB)
  low-android/sha18/files/cold rep 50/50: solve 147 ms (p2v 193 ms, tx 173436 B, cachehits 0, js 22 ms, wasmC - ms, longtasks 0(0 ms), heap 9.5 MB)
  low-android/sha18/files/warm pre-warmed the context (rep 0 discarded)

  low-android/sha18/files/warm rep 1/50: solve 159 ms (p2v 213 ms, tx 16829 B, cachehits 2, js 27 ms, wasmC - ms, longtasks 1(51 ms), heap 9.5 MB)
  low-android/sha18/files/warm rep 2/50: solve 308 ms (p2v 363 ms, tx 16829 B, cachehits 2, js 27 ms, wasmC - ms, longtasks 1(50 ms), heap 9.5 MB)
  low-android/sha18/files/warm rep 3/50: solve 6701 ms (p2v 6751 ms, tx 16831 B, cachehits 2, js 32 ms, wasmC - ms, longtasks 0(0 ms), heap 9.5 MB)
  low-android/sha18/files/warm rep 4/50: solve 5227 ms (p2v 5268 ms, tx 16829 B, cachehits 2, js - ms, wasmC - ms, longtasks 0(0 ms), heap 9.5 MB)
  low-android/sha18/files/warm rep 5/50: solve 2307 ms (p2v 2360 ms, tx 16833 B, cachehits 2, js 26 ms, wasmC - ms, longtasks 0(0 ms), heap 9.5 MB)
  low-android/sha18/files/warm rep 6/50: solve 243 ms (p2v 291 ms, tx 16828 B, cachehits 2, js 21 ms, wasmC - ms, longtasks 0(0 ms), heap 9.5 MB)
  low-android/sha18/files/warm rep 7/50: solve 5394 ms (p2v 5447 ms, tx 16829 B, cachehits 2, js 25 ms, wasmC - ms, longtasks 0(0 ms), heap 9.5 MB)
  low-android/sha18/files/warm rep 8/50: solve 923 ms (p2v 970 ms, tx 16828 B, cachehits 2, js - ms, wasmC - ms, longtasks 0(0 ms), heap 9.5 MB)
  low-android/sha18/files/warm rep 9/50: solve 920 ms (p2v 969 ms, tx 16833 B, cachehits 2, js 25 ms, wasmC - ms, longtasks 0(0 ms), heap 9.5 MB)
  low-android/sha18/files/warm rep 10/50: solve 3537 ms (p2v 3586 ms, tx 16828 B, cachehits 2, js 23 ms, wasmC - ms, longtasks 0(0 ms), heap 9.5 MB)
  low-android/sha18/files/warm rep 11/50: solve 316 ms (p2v 359 ms, tx 16829 B, cachehits 2, js - ms, wasmC - ms, longtasks 0(0 ms), heap 9.5 MB)
  low-android/sha18/files/warm rep 12/50: solve 6717 ms (p2v 6759 ms, tx 16828 B, cachehits 2, js - ms, wasmC - ms, longtasks 0(0 ms), heap 9.5 MB)
  low-android/sha18/files/warm rep 13/50: solve 1728 ms (p2v 1778 ms, tx 16831 B, cachehits 2, js 25 ms, wasmC - ms, longtasks 0(0 ms), heap 9.5 MB)
  low-android/sha18/files/warm rep 14/50: solve 7653 ms (p2v 7699 ms, tx 16829 B, cachehits 2, js 22 ms, wasmC - ms, longtasks 0(0 ms), heap 9.5 MB)
  low-android/sha18/files/warm rep 15/50: solve 2862 ms (p2v 2907 ms, tx 16830 B, cachehits 2, js - ms, wasmC - ms, longtasks 0(0 ms), heap 9.5 MB)
  low-android/sha18/files/warm rep 16/50: solve 993 ms (p2v 1041 ms, tx 16830 B, cachehits 2, js 23 ms, wasmC - ms, longtasks 0(0 ms), heap 9.5 MB)
  low-android/sha18/files/warm rep 17/50: solve 384 ms (p2v 430 ms, tx 16828 B, cachehits 2, js - ms, wasmC - ms, longtasks 0(0 ms), heap 9.5 MB)
  low-android/sha18/files/warm rep 18/50: solve 1471 ms (p2v 1516 ms, tx 16828 B, cachehits 2, js 21 ms, wasmC - ms, longtasks 0(0 ms), heap 9.5 MB)
  low-android/sha18/files/warm rep 19/50: solve 3666 ms (p2v 3704 ms, tx 16828 B, cachehits 2, js - ms, wasmC - ms, longtasks 0(0 ms), heap 9.5 MB)
  low-android/sha18/files/warm rep 20/50: solve 237 ms (p2v 287 ms, tx 16828 B, cachehits 2, js 26 ms, wasmC - ms, longtasks 0(0 ms), heap 9.5 MB)
  low-android/sha18/files/warm rep 21/50: solve 9637 ms (p2v 9696 ms, tx 16833 B, cachehits 2, js 31 ms, wasmC - ms, longtasks 1(55 ms), heap 9.5 MB)
  low-android/sha18/files/warm rep 22/50: solve 2647 ms (p2v 2707 ms, tx 16828 B, cachehits 2, js 36 ms, wasmC - ms, longtasks 1(52 ms), heap 9.5 MB)
  low-android/sha18/files/warm rep 23/50: solve 862 ms (p2v 913 ms, tx 16831 B, cachehits 2, js 24 ms, wasmC - ms, longtasks 1(58 ms), heap 9.5 MB)
  low-android/sha18/files/warm rep 24/50: solve 247 ms (p2v 300 ms, tx 16828 B, cachehits 2, js 25 ms, wasmC - ms, longtasks 0(0 ms), heap 9.5 MB)
  low-android/sha18/files/warm rep 25/50: solve 2872 ms (p2v 2928 ms, tx 16829 B, cachehits 2, js 26 ms, wasmC - ms, longtasks 1(53 ms), heap 9.5 MB)
  low-android/sha18/files/warm rep 26/50: solve 2356 ms (p2v 2407 ms, tx 16829 B, cachehits 2, js 23 ms, wasmC - ms, longtasks 0(0 ms), heap 9.5 MB)
  low-android/sha18/files/warm rep 27/50: solve 7492 ms (p2v 7539 ms, tx 16832 B, cachehits 2, js - ms, wasmC - ms, longtasks 0(0 ms), heap 9.5 MB)
  low-android/sha18/files/warm rep 28/50: solve 1800 ms (p2v 1846 ms, tx 16830 B, cachehits 2, js 21 ms, wasmC - ms, longtasks 0(0 ms), heap 9.5 MB)
  low-android/sha18/files/warm rep 29/50: solve 391 ms (p2v 445 ms, tx 16829 B, cachehits 2, js 27 ms, wasmC - ms, longtasks 1(50 ms), heap 9.5 MB)
  low-android/sha18/files/warm rep 30/50: solve 2953 ms (p2v 3017 ms, tx 16831 B, cachehits 2, js 31 ms, wasmC - ms, longtasks 1(57 ms), heap 9.5 MB)
  low-android/sha18/files/warm rep 31/50: solve 6865 ms (p2v 6914 ms, tx 16828 B, cachehits 2, js 23 ms, wasmC - ms, longtasks 0(0 ms), heap 9.5 MB)
  low-android/sha18/files/warm rep 32/50: solve 6349 ms (p2v 6392 ms, tx 16829 B, cachehits 2, js - ms, wasmC - ms, longtasks 0(0 ms), heap 9.5 MB)
  low-android/sha18/files/warm rep 33/50: solve 162 ms (p2v 204 ms, tx 16828 B, cachehits 2, js - ms, wasmC - ms, longtasks 0(0 ms), heap 9.5 MB)
  low-android/sha18/files/warm rep 34/50: solve 886 ms (p2v 928 ms, tx 16831 B, cachehits 2, js - ms, wasmC - ms, longtasks 0(0 ms), heap 9.5 MB)
  low-android/sha18/files/warm rep 35/50: solve 553 ms (p2v 594 ms, tx 16830 B, cachehits 2, js - ms, wasmC - ms, longtasks 0(0 ms), heap 9.5 MB)
  low-android/sha18/files/warm rep 36/50: solve 228 ms (p2v 271 ms, tx 16833 B, cachehits 2, js - ms, wasmC - ms, longtasks 0(0 ms), heap 9.5 MB)
  low-android/sha18/files/warm rep 37/50: solve 4632 ms (p2v 4670 ms, tx 16828 B, cachehits 2, js - ms, wasmC - ms, longtasks 0(0 ms), heap 9.5 MB)
  low-android/sha18/files/warm rep 38/50: solve 7563 ms (p2v 7604 ms, tx 16830 B, cachehits 2, js - ms, wasmC - ms, longtasks 0(0 ms), heap 9.5 MB)
  low-android/sha18/files/warm rep 39/50: solve 1960 ms (p2v 2001 ms, tx 16828 B, cachehits 2, js - ms, wasmC - ms, longtasks 0(0 ms), heap 9.5 MB)
  low-android/sha18/files/warm rep 40/50: solve 380 ms (p2v 425 ms, tx 16828 B, cachehits 2, js - ms, wasmC - ms, longtasks 0(0 ms), heap 9.5 MB)
  low-android/sha18/files/warm rep 41/50: solve 1742 ms (p2v 1784 ms, tx 16830 B, cachehits 2, js - ms, wasmC - ms, longtasks 0(0 ms), heap 9.5 MB)
  low-android/sha18/files/warm rep 42/50: solve 4657 ms (p2v 4697 ms, tx 16828 B, cachehits 2, js - ms, wasmC - ms, longtasks 0(0 ms), heap 9.5 MB)
  low-android/sha18/files/warm rep 43/50: solve 653 ms (p2v 694 ms, tx 16831 B, cachehits 2, js - ms, wasmC - ms, longtasks 0(0 ms), heap 9.5 MB)
  low-android/sha18/files/warm rep 44/50: solve 1277 ms (p2v 1315 ms, tx 16831 B, cachehits 2, js - ms, wasmC - ms, longtasks 0(0 ms), heap 9.5 MB)
  low-android/sha18/files/warm rep 45/50: solve 5476 ms (p2v 5515 ms, tx 16829 B, cachehits 2, js - ms, wasmC - ms, longtasks 0(0 ms), heap 9.5 MB)
  low-android/sha18/files/warm rep 46/50: solve 708 ms (p2v 746 ms, tx 16830 B, cachehits 2, js - ms, wasmC - ms, longtasks 0(0 ms), heap 9.5 MB)
  low-android/sha18/files/warm rep 47/50: solve 778 ms (p2v 820 ms, tx 16829 B, cachehits 2, js - ms, wasmC - ms, longtasks 0(0 ms), heap 9.5 MB)
  low-android/sha18/files/warm rep 48/50: solve 3990 ms (p2v 4034 ms, tx 16828 B, cachehits 2, js - ms, wasmC - ms, longtasks 0(0 ms), heap 9.5 MB)
  low-android/sha18/files/warm rep 49/50: solve 184 ms (p2v 222 ms, tx 16831 B, cachehits 2, js - ms, wasmC - ms, longtasks 0(0 ms), heap 9.5 MB)
  low-android/sha18/files/warm rep 50/50: solve 5692 ms (p2v 5732 ms, tx 16829 B, cachehits 2, js - ms, wasmC - ms, longtasks 0(0 ms), heap 9.5 MB)
  repeat navigation low-android/sha18/files/warm: p2v 444 ms, tx 16828 B, cachehits 2, load 40 ms
  low-android/sha20/files/cold rep 1/50: solve 1094 ms (p2v 1131 ms, tx 173433 B, cachehits 0, js - ms, wasmC - ms, longtasks 0(0 ms), heap 9.5 MB)
  low-android/sha20/files/cold rep 2/50: solve 4624 ms (p2v 4658 ms, tx 173431 B, cachehits 0, js - ms, wasmC - ms, longtasks 0(0 ms), heap 9.5 MB)
  low-android/sha20/files/cold rep 3/50: solve 942 ms (p2v 979 ms, tx 173431 B, cachehits 0, js - ms, wasmC - ms, longtasks 0(0 ms), heap 9.5 MB)
  low-android/sha20/files/cold rep 4/50: solve 30024 ms (p2v 30059 ms, tx 173431 B, cachehits 0, js - ms, wasmC - ms, longtasks 0(0 ms), heap 9.5 MB)
  low-android/sha20/files/cold rep 5/50: solve 24848 ms (p2v 24891 ms, tx 173433 B, cachehits 0, js - ms, wasmC - ms, longtasks 0(0 ms), heap 9.5 MB)
  low-android/sha20/files/cold rep 6/50: solve 18366 ms (p2v 18472 ms, tx 173433 B, cachehits 0, js - ms, wasmC - ms, longtasks 0(0 ms), heap 9.5 MB)
  low-android/sha20/files/cold rep 7/50: solve 19260 ms (p2v 19308 ms, tx 173433 B, cachehits 0, js 24 ms, wasmC - ms, longtasks 0(0 ms), heap 9.5 MB)
  low-android/sha20/files/cold rep 8/50: solve 2652 ms (p2v 2709 ms, tx 173433 B, cachehits 0, js 34 ms, wasmC - ms, longtasks 1(53 ms), heap 9.5 MB)
  low-android/sha20/files/cold rep 9/50: solve 13844 ms (p2v 13899 ms, tx 173432 B, cachehits 0, js 30 ms, wasmC - ms, longtasks 1(51 ms), heap 9.5 MB)
  low-android/sha20/files/cold rep 10/50: solve 22489 ms (p2v 22547 ms, tx 173433 B, cachehits 0, js 27 ms, wasmC - ms, longtasks 1(54 ms), heap 9.5 MB)
  low-android/sha20/files/cold rep 11/50: solve 2966 ms (p2v 3013 ms, tx 173433 B, cachehits 0, js 23 ms, wasmC - ms, longtasks 0(0 ms), heap 9.5 MB)
  low-android/sha20/files/cold rep 12/50: solve 1811 ms (p2v 1848 ms, tx 173432 B, cachehits 0, js - ms, wasmC - ms, longtasks 0(0 ms), heap 9.5 MB)
  low-android/sha20/files/cold rep 13/50: solve 1709 ms (p2v 1743 ms, tx 173431 B, cachehits 0, js - ms, wasmC - ms, longtasks 0(0 ms), heap 9.5 MB)
  low-android/sha20/files/cold rep 14/50: solve 7037 ms (p2v 7077 ms, tx 173432 B, cachehits 0, js - ms, wasmC - ms, longtasks 0(0 ms), heap 9.5 MB)
  low-android/sha20/files/cold rep 15/50: solve 29108 ms (p2v 29149 ms, tx 173431 B, cachehits 0, js - ms, wasmC - ms, longtasks 0(0 ms), heap 9.5 MB)
  low-android/sha20/files/cold rep 16/50: solve 1501 ms (p2v 1540 ms, tx 173431 B, cachehits 0, js - ms, wasmC - ms, longtasks 0(0 ms), heap 9.5 MB)
  low-android/sha20/files/cold rep 17/50: solve 13093 ms (p2v 13128 ms, tx 173431 B, cachehits 0, js - ms, wasmC - ms, longtasks 0(0 ms), heap 9.5 MB)
  low-android/sha20/files/cold rep 18/50: solve 4062 ms (p2v 4103 ms, tx 173431 B, cachehits 0, js - ms, wasmC - ms, longtasks 0(0 ms), heap 9.5 MB)
  low-android/sha20/files/cold rep 19/50: solve 5702 ms (p2v 5741 ms, tx 173433 B, cachehits 0, js - ms, wasmC - ms, longtasks 0(0 ms), heap 9.5 MB)
  low-android/sha20/files/cold rep 20/50: solve 3037 ms (p2v 3073 ms, tx 173433 B, cachehits 0, js - ms, wasmC - ms, longtasks 0(0 ms), heap 9.5 MB)
  low-android/sha20/files/cold rep 21/50: solve 16457 ms (p2v 16492 ms, tx 173433 B, cachehits 0, js - ms, wasmC - ms, longtasks 0(0 ms), heap 9.5 MB)
  low-android/sha20/files/cold rep 22/50: solve 2770 ms (p2v 2809 ms, tx 173432 B, cachehits 0, js - ms, wasmC - ms, longtasks 0(0 ms), heap 9.5 MB)
  low-android/sha20/files/cold rep 23/50: solve 10486 ms (p2v 10530 ms, tx 173433 B, cachehits 0, js 22 ms, wasmC - ms, longtasks 0(0 ms), heap 9.5 MB)
  low-android/sha20/files/cold rep 24/50: solve 9618 ms (p2v 9658 ms, tx 173431 B, cachehits 0, js - ms, wasmC - ms, longtasks 0(0 ms), heap 9.5 MB)
  low-android/sha20/files/cold rep 25/50: solve 2904 ms (p2v 2941 ms, tx 173431 B, cachehits 0, js - ms, wasmC - ms, longtasks 0(0 ms), heap 9.5 MB)
  low-android/sha20/files/cold rep 26/50: solve 13154 ms (p2v 13192 ms, tx 173434 B, cachehits 0, js - ms, wasmC - ms, longtasks 0(0 ms), heap 9.5 MB)
  low-android/sha20/files/cold rep 27/50: solve 34304 ms (p2v 34343 ms, tx 173433 B, cachehits 0, js - ms, wasmC - ms, longtasks 0(0 ms), heap 9.5 MB)
  low-android/sha20/files/cold rep 28/50: solve 9862 ms (p2v 9898 ms, tx 173431 B, cachehits 0, js - ms, wasmC - ms, longtasks 0(0 ms), heap 9.5 MB)
  low-android/sha20/files/cold rep 29/50: solve 9510 ms (p2v 9546 ms, tx 173431 B, cachehits 0, js - ms, wasmC - ms, longtasks 0(0 ms), heap 9.5 MB)
  low-android/sha20/files/cold rep 30/50: solve 10160 ms (p2v 10196 ms, tx 173435 B, cachehits 0, js - ms, wasmC - ms, longtasks 0(0 ms), heap 9.5 MB)
  low-android/sha20/files/cold rep 31/50: solve 6413 ms (p2v 6452 ms, tx 173432 B, cachehits 0, js - ms, wasmC - ms, longtasks 0(0 ms), heap 9.5 MB)
  low-android/sha20/files/cold rep 32/50: solve 6330 ms (p2v 6369 ms, tx 173432 B, cachehits 0, js - ms, wasmC - ms, longtasks 0(0 ms), heap 9.5 MB)
  low-android/sha20/files/cold rep 33/50: solve - ms (p2v - ms, tx 173740 B, cachehits 0, js - ms, wasmC - ms, longtasks 0(0 ms), heap 9.5 MB TIMED OUT ERRORS=1)
  low-android/sha20/files/cold rep 34/50: solve 1501 ms (p2v 1558 ms, tx 173431 B, cachehits 0, js 27 ms, wasmC - ms, longtasks 1(51 ms), heap 9.5 MB)
  low-android/sha20/files/cold rep 35/50: solve 12011 ms (p2v 12059 ms, tx 173431 B, cachehits 0, js 26 ms, wasmC - ms, longtasks 0(0 ms), heap 9.5 MB)
  low-android/sha20/files/cold rep 36/50: solve 11678 ms (p2v 11723 ms, tx 173431 B, cachehits 0, js 22 ms, wasmC - ms, longtasks 0(0 ms), heap 9.5 MB)
  low-android/sha20/files/cold rep 37/50: solve 2924 ms (p2v 2975 ms, tx 173431 B, cachehits 0, js 24 ms, wasmC - ms, longtasks 0(0 ms), heap 9.5 MB)
  low-android/sha20/files/cold rep 38/50: solve 5207 ms (p2v 5260 ms, tx 173432 B, cachehits 0, js 24 ms, wasmC - ms, longtasks 1(50 ms), heap 9.5 MB)
  low-android/sha20/files/cold rep 39/50: solve 4125 ms (p2v 4188 ms, tx 173436 B, cachehits 0, js 37 ms, wasmC - ms, longtasks 1(61 ms), heap 9.5 MB)
  low-android/sha20/files/cold rep 40/50: solve 693 ms (p2v 747 ms, tx 173435 B, cachehits 0, js 30 ms, wasmC - ms, longtasks 1(54 ms), heap 9.5 MB)
  low-android/sha20/files/cold rep 41/50: solve 11028 ms (p2v 11081 ms, tx 173431 B, cachehits 0, js 27 ms, wasmC - ms, longtasks 1(52 ms), heap 9.5 MB)
  low-android/sha20/files/cold rep 42/50: solve 714 ms (p2v 759 ms, tx 173433 B, cachehits 0, js - ms, wasmC - ms, longtasks 0(0 ms), heap 9.5 MB)
  low-android/sha20/files/cold rep 43/50: solve 20592 ms (p2v 20640 ms, tx 173432 B, cachehits 0, js 24 ms, wasmC - ms, longtasks 0(0 ms), heap 9.5 MB)
  low-android/sha20/files/cold rep 44/50: solve 3571 ms (p2v 3614 ms, tx 173434 B, cachehits 0, js 22 ms, wasmC - ms, longtasks 0(0 ms), heap 9.5 MB)
  low-android/sha20/files/cold rep 45/50: solve 21246 ms (p2v 21293 ms, tx 173432 B, cachehits 0, js 25 ms, wasmC - ms, longtasks 0(0 ms), heap 9.5 MB)
  low-android/sha20/files/cold rep 46/50: solve 2781 ms (p2v 2840 ms, tx 173431 B, cachehits 0, js 31 ms, wasmC - ms, longtasks 1(58 ms), heap 9.5 MB)
  low-android/sha20/files/cold rep 47/50: solve 4491 ms (p2v 4544 ms, tx 173431 B, cachehits 0, js 27 ms, wasmC - ms, longtasks 1(50 ms), heap 9.5 MB)
  low-android/sha20/files/cold rep 48/50: solve 14575 ms (p2v 14619 ms, tx 173431 B, cachehits 0, js 21 ms, wasmC - ms, longtasks 0(0 ms), heap 9.5 MB)
  low-android/sha20/files/cold rep 49/50: solve 9170 ms (p2v 9214 ms, tx 173431 B, cachehits 0, js 22 ms, wasmC - ms, longtasks 0(0 ms), heap 9.5 MB)
  low-android/sha20/files/cold rep 50/50: solve 1874 ms (p2v 1923 ms, tx 173434 B, cachehits 0, js 23 ms, wasmC - ms, longtasks 0(0 ms), heap 9.5 MB)
  low-android/sha20/files/warm pre-warmed the context (rep 0 discarded)

  low-android/sha20/files/warm rep 1/50: solve 18318 ms (p2v 18365 ms, tx 16830 B, cachehits 2, js 25 ms, wasmC - ms, longtasks 0(0 ms), heap 9.5 MB)
  low-android/sha20/files/warm rep 2/50: solve 193 ms (p2v 244 ms, tx 16830 B, cachehits 2, js 25 ms, wasmC - ms, longtasks 0(0 ms), heap 9.5 MB)
  low-android/sha20/files/warm rep 3/50: solve 5556 ms (p2v 5606 ms, tx 16828 B, cachehits 2, js 25 ms, wasmC - ms, longtasks 0(0 ms), heap 9.5 MB)
  low-android/sha20/files/warm rep 4/50: solve 10413 ms (p2v 10465 ms, tx 16830 B, cachehits 2, js 28 ms, wasmC - ms, longtasks 0(0 ms), heap 9.5 MB)
  low-android/sha20/files/warm rep 5/50: solve 34156 ms (p2v 34203 ms, tx 16829 B, cachehits 2, js 22 ms, wasmC - ms, longtasks 0(0 ms), heap 9.5 MB)
  low-android/sha20/files/warm rep 6/50: solve 2667 ms (p2v 2717 ms, tx 16830 B, cachehits 2, js 26 ms, wasmC - ms, longtasks 0(0 ms), heap 9.5 MB)
  low-android/sha20/files/warm rep 7/50: solve - ms (p2v - ms, tx 17138 B, cachehits 2, js 25 ms, wasmC - ms, longtasks 0(0 ms), heap 9.5 MB TIMED OUT ERRORS=1)
  low-android/sha20/files/warm rep 8/50: solve 5411 ms (p2v 5459 ms, tx 16829 B, cachehits 2, js 22 ms, wasmC - ms, longtasks 0(0 ms), heap 9.5 MB)
  low-android/sha20/files/warm rep 9/50: solve 6854 ms (p2v 6902 ms, tx 16828 B, cachehits 2, js 22 ms, wasmC - ms, longtasks 0(0 ms), heap 9.5 MB)
  low-android/sha20/files/warm rep 10/50: solve 24047 ms (p2v 24097 ms, tx 16830 B, cachehits 2, js 25 ms, wasmC - ms, longtasks 0(0 ms), heap 9.5 MB)
  low-android/sha20/files/warm rep 11/50: solve 6230 ms (p2v 6280 ms, tx 16829 B, cachehits 2, js 22 ms, wasmC - ms, longtasks 0(0 ms), heap 9.5 MB)
  low-android/sha20/files/warm rep 12/50: solve 2902 ms (p2v 2955 ms, tx 16832 B, cachehits 2, js 26 ms, wasmC - ms, longtasks 0(0 ms), heap 9.5 MB)
  low-android/sha20/files/warm rep 13/50: solve 861 ms (p2v 914 ms, tx 16830 B, cachehits 2, js 26 ms, wasmC - ms, longtasks 0(0 ms), heap 9.5 MB)
  low-android/sha20/files/warm rep 14/50: solve 3559 ms (p2v 3608 ms, tx 16829 B, cachehits 2, js 25 ms, wasmC - ms, longtasks 0(0 ms), heap 9.5 MB)
  low-android/sha20/files/warm rep 15/50: solve 1493 ms (p2v 1548 ms, tx 16828 B, cachehits 2, js 26 ms, wasmC - ms, longtasks 0(0 ms), heap 9.5 MB)
  low-android/sha20/files/warm rep 16/50: solve 7566 ms (p2v 7618 ms, tx 16828 B, cachehits 2, js 26 ms, wasmC - ms, longtasks 0(0 ms), heap 9.5 MB)
  low-android/sha20/files/warm rep 17/50: solve 10632 ms (p2v 10683 ms, tx 16830 B, cachehits 2, js 23 ms, wasmC - ms, longtasks 0(0 ms), heap 9.5 MB)
  low-android/sha20/files/warm rep 18/50: solve 11620 ms (p2v 11679 ms, tx 16828 B, cachehits 2, js 26 ms, wasmC - ms, longtasks 0(0 ms), heap 9.5 MB)
  low-android/sha20/files/warm rep 19/50: solve 32961 ms (p2v 33014 ms, tx 16828 B, cachehits 2, js 27 ms, wasmC - ms, longtasks 0(0 ms), heap 9.5 MB)
  low-android/sha20/files/warm rep 20/50: solve 22722 ms (p2v 22792 ms, tx 16830 B, cachehits 2, js 31 ms, wasmC - ms, longtasks 1(55 ms), heap 9.5 MB)
  low-android/sha20/files/warm rep 21/50: solve 5353 ms (p2v 5406 ms, tx 16828 B, cachehits 2, js 27 ms, wasmC - ms, longtasks 0(0 ms), heap 9.5 MB)
  low-android/sha20/files/warm rep 22/50: solve 26723 ms (p2v 26771 ms, tx 16830 B, cachehits 2, js 22 ms, wasmC - ms, longtasks 0(0 ms), heap 9.5 MB)
  low-android/sha20/files/warm rep 23/50: solve 8897 ms (p2v 8949 ms, tx 16830 B, cachehits 2, js 27 ms, wasmC - ms, longtasks 0(0 ms), heap 9.5 MB)
  low-android/sha20/files/warm rep 24/50: solve 2283 ms (p2v 2330 ms, tx 16832 B, cachehits 2, js 24 ms, wasmC - ms, longtasks 0(0 ms), heap 9.5 MB)
  low-android/sha20/files/warm rep 25/50: solve 2413 ms (p2v 2458 ms, tx 16828 B, cachehits 2, js 21 ms, wasmC - ms, longtasks 0(0 ms), heap 9.5 MB)
  low-android/sha20/files/warm rep 26/50: solve 11992 ms (p2v 12040 ms, tx 16828 B, cachehits 2, js 23 ms, wasmC - ms, longtasks 0(0 ms), heap 9.5 MB)
  low-android/sha20/files/warm rep 27/50: solve 17995 ms (p2v 18047 ms, tx 16828 B, cachehits 2, js 25 ms, wasmC - ms, longtasks 0(0 ms), heap 9.5 MB)
  low-android/sha20/files/warm rep 28/50: solve 21255 ms (p2v 21302 ms, tx 16830 B, cachehits 2, js 21 ms, wasmC - ms, longtasks 0(0 ms), heap 9.5 MB)
  low-android/sha20/files/warm rep 29/50: solve 15094 ms (p2v 15139 ms, tx 16829 B, cachehits 2, js - ms, wasmC - ms, longtasks 0(0 ms), heap 9.5 MB)
  low-android/sha20/files/warm rep 30/50: solve 5910 ms (p2v 5959 ms, tx 16828 B, cachehits 2, js 25 ms, wasmC - ms, longtasks 0(0 ms), heap 9.5 MB)
  low-android/sha20/files/warm rep 31/50: solve 13502 ms (p2v 13546 ms, tx 16830 B, cachehits 2, js - ms, wasmC - ms, longtasks 0(0 ms), heap 9.5 MB)
  low-android/sha20/files/warm rep 32/50: solve 8959 ms (p2v 9006 ms, tx 16828 B, cachehits 2, js - ms, wasmC - ms, longtasks 0(0 ms), heap 9.5 MB)
  low-android/sha20/files/warm rep 33/50: solve 10306 ms (p2v 10355 ms, tx 16829 B, cachehits 2, js 24 ms, wasmC - ms, longtasks 0(0 ms), heap 9.5 MB)
  low-android/sha20/files/warm rep 34/50: solve 22598 ms (p2v 22647 ms, tx 16828 B, cachehits 2, js 23 ms, wasmC - ms, longtasks 0(0 ms), heap 9.5 MB)
  low-android/sha20/files/warm rep 35/50: solve 6084 ms (p2v 6137 ms, tx 16829 B, cachehits 2, js 23 ms, wasmC - ms, longtasks 0(0 ms), heap 9.5 MB)
  low-android/sha20/files/warm rep 36/50: solve 6824 ms (p2v 6874 ms, tx 16829 B, cachehits 2, js 25 ms, wasmC - ms, longtasks 0(0 ms), heap 9.5 MB)
  low-android/sha20/files/warm rep 37/50: solve 7372 ms (p2v 7421 ms, tx 16829 B, cachehits 2, js 26 ms, wasmC - ms, longtasks 0(0 ms), heap 9.5 MB)
  low-android/sha20/files/warm rep 38/50: solve 2660 ms (p2v 2707 ms, tx 16829 B, cachehits 2, js 22 ms, wasmC - ms, longtasks 0(0 ms), heap 9.5 MB)
  low-android/sha20/files/warm rep 39/50: solve 22626 ms (p2v 22673 ms, tx 16832 B, cachehits 2, js 24 ms, wasmC - ms, longtasks 0(0 ms), heap 9.5 MB)
  low-android/sha20/files/warm rep 40/50: solve 11332 ms (p2v 11379 ms, tx 16828 B, cachehits 2, js 22 ms, wasmC - ms, longtasks 0(0 ms), heap 9.5 MB)
  low-android/sha20/files/warm rep 41/50: solve 6978 ms (p2v 7027 ms, tx 16828 B, cachehits 2, js 27 ms, wasmC - ms, longtasks 0(0 ms), heap 9.5 MB)
  low-android/sha20/files/warm rep 42/50: solve 1123 ms (p2v 1174 ms, tx 16828 B, cachehits 2, js 24 ms, wasmC - ms, longtasks 0(0 ms), heap 9.5 MB)
  low-android/sha20/files/warm rep 43/50: solve 11354 ms (p2v 11404 ms, tx 16830 B, cachehits 2, js 25 ms, wasmC - ms, longtasks 0(0 ms), heap 9.5 MB)
  low-android/sha20/files/warm rep 44/50: solve 120 ms (p2v 166 ms, tx 16831 B, cachehits 2, js 23 ms, wasmC - ms, longtasks 0(0 ms), heap 9.5 MB)
  low-android/sha20/files/warm rep 45/50: solve 2700 ms (p2v 2756 ms, tx 16828 B, cachehits 2, js 29 ms, wasmC - ms, longtasks 1(50 ms), heap 9.5 MB)
  low-android/sha20/files/warm rep 46/50: solve 9411 ms (p2v 9465 ms, tx 16828 B, cachehits 2, js 26 ms, wasmC - ms, longtasks 0(0 ms), heap 9.5 MB)
  low-android/sha20/files/warm rep 47/50: solve 8155 ms (p2v 8204 ms, tx 16828 B, cachehits 2, js 22 ms, wasmC - ms, longtasks 0(0 ms), heap 9.5 MB)
  low-android/sha20/files/warm rep 48/50: solve 2875 ms (p2v 2923 ms, tx 16830 B, cachehits 2, js 25 ms, wasmC - ms, longtasks 0(0 ms), heap 9.5 MB)
  low-android/sha20/files/warm rep 49/50: solve 18738 ms (p2v 18785 ms, tx 16828 B, cachehits 2, js 23 ms, wasmC - ms, longtasks 0(0 ms), heap 9.5 MB)
  low-android/sha20/files/warm rep 50/50: solve 1856 ms (p2v 1905 ms, tx 16828 B, cachehits 2, js 24 ms, wasmC - ms, longtasks 0(0 ms), heap 9.5 MB)
  repeat navigation low-android/sha20/files/warm: p2v 8213 ms, tx 16831 B, cachehits 2, load 53 ms
  low-android/argon2id/files/cold rep 1/20: solve 7662 ms (p2v 7708 ms, tx 305685 B, cachehits 0, js 25 ms, wasmC - ms, worker 5 ms, longtasks 0(0 ms), heap 9.5 MB)
  low-android/argon2id/files/cold rep 2/20: solve 3740 ms (p2v 3792 ms, tx 305685 B, cachehits 0, js 24 ms, wasmC - ms, worker 5 ms, longtasks 0(0 ms), heap 9.5 MB)
  low-android/argon2id/files/cold rep 3/20: solve 11112 ms (p2v 11157 ms, tx 305686 B, cachehits 0, js 24 ms, wasmC - ms, worker 5 ms, longtasks 0(0 ms), heap 9.5 MB)
  low-android/argon2id/files/cold rep 4/20: solve 2789 ms (p2v 2868 ms, tx 305686 B, cachehits 0, js - ms, wasmC - ms, worker 7 ms, longtasks 0(0 ms), heap 9.5 MB)
  low-android/argon2id/files/cold rep 5/20: solve 13807 ms (p2v 13852 ms, tx 305685 B, cachehits 0, js 20 ms, wasmC - ms, worker 7 ms, longtasks 0(0 ms), heap 9.5 MB)
  low-android/argon2id/files/cold rep 6/20: solve 3731 ms (p2v 3781 ms, tx 305689 B, cachehits 0, js 27 ms, wasmC - ms, worker 5 ms, longtasks 0(0 ms), heap 9.5 MB)
  low-android/argon2id/files/cold rep 7/20: solve 1413 ms (p2v 1461 ms, tx 305686 B, cachehits 0, js 26 ms, wasmC - ms, worker 5 ms, longtasks 0(0 ms), heap 9.5 MB)
  low-android/argon2id/files/cold rep 8/20: solve 1880 ms (p2v 1929 ms, tx 305688 B, cachehits 0, js 23 ms, wasmC - ms, worker 5 ms, longtasks 0(0 ms), heap 9.5 MB)
  low-android/argon2id/files/cold rep 9/20: solve 4095 ms (p2v 4140 ms, tx 305686 B, cachehits 0, js 22 ms, wasmC - ms, worker 6 ms, longtasks 0(0 ms), heap 9.5 MB)
  low-android/argon2id/files/cold rep 10/20: solve 22587 ms (p2v 22635 ms, tx 305689 B, cachehits 0, js 23 ms, wasmC - ms, worker 5 ms, longtasks 0(0 ms), heap 9.5 MB)
  low-android/argon2id/files/cold rep 11/20: solve 12823 ms (p2v 12866 ms, tx 305686 B, cachehits 0, js 24 ms, wasmC - ms, worker 4 ms, longtasks 0(0 ms), heap 9.5 MB)
  low-android/argon2id/files/cold rep 12/20: solve 21181 ms (p2v 21227 ms, tx 305685 B, cachehits 0, js 23 ms, wasmC - ms, worker 5 ms, longtasks 0(0 ms), heap 9.5 MB)
  low-android/argon2id/files/cold rep 13/20: solve 10641 ms (p2v 10741 ms, tx 305685 B, cachehits 0, js 67 ms, wasmC - ms, worker 8 ms, longtasks 1(71 ms), heap 9.5 MB)
  low-android/argon2id/files/cold rep 14/20: solve 12575 ms (p2v 12627 ms, tx 305687 B, cachehits 0, js 26 ms, wasmC - ms, worker 5 ms, longtasks 0(0 ms), heap 9.5 MB)
  low-android/argon2id/files/cold rep 15/20: solve 3139 ms (p2v 3196 ms, tx 305685 B, cachehits 0, js 29 ms, wasmC - ms, worker 8 ms, longtasks 1(51 ms), heap 9.5 MB)
  low-android/argon2id/files/cold rep 16/20: solve 2561 ms (p2v 2613 ms, tx 305685 B, cachehits 0, js 27 ms, wasmC - ms, worker 5 ms, longtasks 1(50 ms), heap 9.5 MB)
  low-android/argon2id/files/cold rep 17/20: solve 9295 ms (p2v 9350 ms, tx 305686 B, cachehits 0, js 30 ms, wasmC - ms, worker 6 ms, longtasks 1(54 ms), heap 9.5 MB)
  low-android/argon2id/files/cold rep 18/20: solve 7419 ms (p2v 7468 ms, tx 305685 B, cachehits 0, js 23 ms, wasmC - ms, worker 5 ms, longtasks 0(0 ms), heap 9.5 MB)
  low-android/argon2id/files/cold rep 19/20: solve 956 ms (p2v 1003 ms, tx 305686 B, cachehits 0, js 25 ms, wasmC - ms, worker 4 ms, longtasks 0(0 ms), heap 9.5 MB)
  low-android/argon2id/files/cold rep 20/20: solve 8019 ms (p2v 8066 ms, tx 305688 B, cachehits 0, js 25 ms, wasmC - ms, worker 3 ms, longtasks 0(0 ms), heap 9.5 MB)
  low-android/argon2id/files/warm pre-warmed the context (rep 0 discarded)

  low-android/argon2id/files/warm rep 1/20: solve 3410 ms (p2v 3465 ms, tx 16862 B, cachehits 5, js 24 ms, wasmC - ms, worker 4 ms, longtasks 0(0 ms), heap 9.5 MB)
  low-android/argon2id/files/warm rep 2/20: solve 2464 ms (p2v 2516 ms, tx 16862 B, cachehits 5, js 27 ms, wasmC - ms, worker 5 ms, longtasks 0(0 ms), heap 9.5 MB)
  low-android/argon2id/files/warm rep 3/20: solve 842 ms (p2v 889 ms, tx 16861 B, cachehits 5, js 22 ms, wasmC - ms, worker 5 ms, longtasks 0(0 ms), heap 9.5 MB)
  low-android/argon2id/files/warm rep 4/20: solve 5989 ms (p2v 6038 ms, tx 16860 B, cachehits 5, js 24 ms, wasmC - ms, worker 4 ms, longtasks 0(0 ms), heap 9.5 MB)
  low-android/argon2id/files/warm rep 5/20: solve 594 ms (p2v 646 ms, tx 16862 B, cachehits 5, js 26 ms, wasmC - ms, worker 4 ms, longtasks 0(0 ms), heap 9.5 MB)
  low-android/argon2id/files/warm rep 6/20: solve 4597 ms (p2v 4646 ms, tx 16862 B, cachehits 5, js 24 ms, wasmC - ms, worker 4 ms, longtasks 0(0 ms), heap 9.5 MB)
  low-android/argon2id/files/warm rep 7/20: solve 6066 ms (p2v 6114 ms, tx 16861 B, cachehits 5, js 24 ms, wasmC - ms, worker 5 ms, longtasks 0(0 ms), heap 9.5 MB)
  low-android/argon2id/files/warm rep 8/20: solve 7380 ms (p2v 7427 ms, tx 16860 B, cachehits 5, js 23 ms, wasmC - ms, worker 5 ms, longtasks 0(0 ms), heap 9.5 MB)
  low-android/argon2id/files/warm rep 9/20: solve 1113 ms (p2v 1162 ms, tx 16861 B, cachehits 5, js 24 ms, wasmC - ms, worker 10 ms, longtasks 0(0 ms), heap 9.5 MB)
  low-android/argon2id/files/warm rep 10/20: solve 6531 ms (p2v 6577 ms, tx 16862 B, cachehits 5, js 22 ms, wasmC - ms, worker 4 ms, longtasks 0(0 ms), heap 9.5 MB)
  low-android/argon2id/files/warm rep 11/20: solve 2582 ms (p2v 2632 ms, tx 16864 B, cachehits 5, js 25 ms, wasmC - ms, worker 5 ms, longtasks 0(0 ms), heap 9.5 MB)
  low-android/argon2id/files/warm rep 12/20: solve 4002 ms (p2v 4052 ms, tx 16862 B, cachehits 5, js 24 ms, wasmC - ms, worker 5 ms, longtasks 0(0 ms), heap 9.5 MB)
  low-android/argon2id/files/warm rep 13/20: solve 2751 ms (p2v 2799 ms, tx 16861 B, cachehits 5, js 23 ms, wasmC - ms, worker 6 ms, longtasks 0(0 ms), heap 9.5 MB)
  low-android/argon2id/files/warm rep 14/20: solve 2457 ms (p2v 2503 ms, tx 16862 B, cachehits 5, js - ms, wasmC - ms, worker 5 ms, longtasks 0(0 ms), heap 9.5 MB)
  low-android/argon2id/files/warm rep 15/20: solve 2481 ms (p2v 2527 ms, tx 16862 B, cachehits 5, js - ms, wasmC - ms, worker 5 ms, longtasks 0(0 ms), heap 9.5 MB)
  low-android/argon2id/files/warm rep 16/20: solve 8434 ms (p2v 8481 ms, tx 16860 B, cachehits 5, js 23 ms, wasmC - ms, worker 4 ms, longtasks 0(0 ms), heap 9.5 MB)
  low-android/argon2id/files/warm rep 17/20: solve 2583 ms (p2v 2629 ms, tx 16860 B, cachehits 5, js 23 ms, wasmC - ms, worker 3 ms, longtasks 0(0 ms), heap 9.5 MB)
  low-android/argon2id/files/warm rep 18/20: solve 4053 ms (p2v 4100 ms, tx 16862 B, cachehits 5, js - ms, wasmC - ms, worker 6 ms, longtasks 0(0 ms), heap 9.5 MB)
  low-android/argon2id/files/warm rep 19/20: solve 2430 ms (p2v 2477 ms, tx 16862 B, cachehits 5, js 22 ms, wasmC - ms, worker 3 ms, longtasks 0(0 ms), heap 9.5 MB)
  low-android/argon2id/files/warm rep 20/20: solve 944 ms (p2v 992 ms, tx 16860 B, cachehits 5, js 24 ms, wasmC - ms, worker 5 ms, longtasks 0(0 ms), heap 9.5 MB)
  repeat navigation low-android/argon2id/files/warm: p2v 4987 ms, tx 16862 B, cachehits 5, load 52 ms
tier mid-android (mid Android (Pixel 7-class), CPU x4)
  mid-android/sha16/inline/cold rep 1/50: solve 103 ms (p2v 139 ms, tx 250771 B, cachehits 0, js - ms, wasmC - ms, longtasks 0(0 ms), heap 9.5 MB)
  mid-android/sha16/inline/cold rep 2/50: solve 125 ms (p2v 159 ms, tx 250771 B, cachehits 0, js - ms, wasmC - ms, longtasks 0(0 ms), heap 9.5 MB)
  mid-android/sha16/inline/cold rep 3/50: solve 61 ms (p2v 97 ms, tx 250771 B, cachehits 0, js - ms, wasmC - ms, longtasks 0(0 ms), heap 9.5 MB)
  mid-android/sha16/inline/cold rep 4/50: solve 195 ms (p2v 233 ms, tx 250771 B, cachehits 0, js - ms, wasmC - ms, longtasks 0(0 ms), heap 9.5 MB)
  mid-android/sha16/inline/cold rep 5/50: solve 70 ms (p2v 105 ms, tx 250771 B, cachehits 0, js - ms, wasmC - ms, longtasks 0(0 ms), heap 9.5 MB)
  mid-android/sha16/inline/cold rep 6/50: solve 357 ms (p2v 392 ms, tx 250774 B, cachehits 0, js - ms, wasmC - ms, longtasks 0(0 ms), heap 9.5 MB)
  mid-android/sha16/inline/cold rep 7/50: solve 153 ms (p2v 192 ms, tx 250771 B, cachehits 0, js - ms, wasmC - ms, longtasks 0(0 ms), heap 9.5 MB)
  mid-android/sha16/inline/cold rep 8/50: solve 197 ms (p2v 234 ms, tx 250771 B, cachehits 0, js - ms, wasmC - ms, longtasks 0(0 ms), heap 9.5 MB)
  mid-android/sha16/inline/cold rep 9/50: solve 109 ms (p2v 146 ms, tx 250771 B, cachehits 0, js - ms, wasmC - ms, longtasks 0(0 ms), heap 9.5 MB)
  mid-android/sha16/inline/cold rep 10/50: solve 81 ms (p2v 120 ms, tx 250771 B, cachehits 0, js - ms, wasmC - ms, longtasks 0(0 ms), heap 9.5 MB)
  mid-android/sha16/inline/cold rep 11/50: solve 48 ms (p2v 86 ms, tx 250774 B, cachehits 0, js - ms, wasmC - ms, longtasks 0(0 ms), heap 9.5 MB)
  mid-android/sha16/inline/cold rep 12/50: solve 130 ms (p2v 155 ms, tx 250772 B, cachehits 0, js - ms, wasmC - ms, longtasks 0(0 ms), heap 9.5 MB)
  mid-android/sha16/inline/cold rep 13/50: solve 177 ms (p2v 225 ms, tx 250773 B, cachehits 0, js 35 ms, wasmC - ms, longtasks 0(0 ms), heap 9.5 MB)
  mid-android/sha16/inline/cold rep 14/50: solve 380 ms (p2v 429 ms, tx 250772 B, cachehits 0, js 34 ms, wasmC - ms, longtasks 0(0 ms), heap 9.5 MB)
  mid-android/sha16/inline/cold rep 15/50: solve 109 ms (p2v 158 ms, tx 250773 B, cachehits 0, js 34 ms, wasmC - ms, longtasks 0(0 ms), heap 9.5 MB)
  mid-android/sha16/inline/cold rep 16/50: solve 249 ms (p2v 298 ms, tx 250775 B, cachehits 0, js 34 ms, wasmC - ms, longtasks 0(0 ms), heap 9.5 MB)
  mid-android/sha16/inline/cold rep 17/50: solve 253 ms (p2v 300 ms, tx 250773 B, cachehits 0, js 35 ms, wasmC - ms, longtasks 0(0 ms), heap 9.5 MB)
  mid-android/sha16/inline/cold rep 18/50: solve 145 ms (p2v 196 ms, tx 250773 B, cachehits 0, js 35 ms, wasmC - ms, longtasks 0(0 ms), heap 9.5 MB)
  mid-android/sha16/inline/cold rep 19/50: solve 72 ms (p2v 122 ms, tx 250774 B, cachehits 0, js 35 ms, wasmC - ms, longtasks 0(0 ms), heap 9.5 MB)
  mid-android/sha16/inline/cold rep 20/50: solve 172 ms (p2v 224 ms, tx 250772 B, cachehits 0, js 37 ms, wasmC - ms, longtasks 0(0 ms), heap 9.5 MB)
  mid-android/sha16/inline/cold rep 21/50: solve 79 ms (p2v 128 ms, tx 250772 B, cachehits 0, js 35 ms, wasmC - ms, longtasks 0(0 ms), heap 9.5 MB)
  mid-android/sha16/inline/cold rep 22/50: solve 134 ms (p2v 188 ms, tx 250771 B, cachehits 0, js 37 ms, wasmC - ms, longtasks 0(0 ms), heap 9.5 MB)
  mid-android/sha16/inline/cold rep 23/50: solve 105 ms (p2v 153 ms, tx 250771 B, cachehits 0, js 33 ms, wasmC - ms, longtasks 0(0 ms), heap 9.5 MB)
  mid-android/sha16/inline/cold rep 24/50: solve 73 ms (p2v 121 ms, tx 250772 B, cachehits 0, js 32 ms, wasmC - ms, longtasks 0(0 ms), heap 9.5 MB)
  mid-android/sha16/inline/cold rep 25/50: solve 142 ms (p2v 193 ms, tx 250773 B, cachehits 0, js 36 ms, wasmC - ms, longtasks 0(0 ms), heap 9.5 MB)
  mid-android/sha16/inline/cold rep 26/50: solve 93 ms (p2v 141 ms, tx 250776 B, cachehits 0, js 34 ms, wasmC - ms, longtasks 0(0 ms), heap 9.5 MB)
  mid-android/sha16/inline/cold rep 27/50: solve 93 ms (p2v 138 ms, tx 250775 B, cachehits 0, js 32 ms, wasmC - ms, longtasks 0(0 ms), heap 9.5 MB)
  mid-android/sha16/inline/cold rep 28/50: solve 73 ms (p2v 119 ms, tx 250771 B, cachehits 0, js 21 ms, wasmC - ms, longtasks 0(0 ms), heap 9.5 MB)
  mid-android/sha16/inline/cold rep 29/50: solve 67 ms (p2v 115 ms, tx 250771 B, cachehits 0, js 32 ms, wasmC - ms, longtasks 0(0 ms), heap 9.5 MB)
  mid-android/sha16/inline/cold rep 30/50: solve 141 ms (p2v 187 ms, tx 250771 B, cachehits 0, js 33 ms, wasmC - ms, longtasks 0(0 ms), heap 9.5 MB)
  mid-android/sha16/inline/cold rep 31/50: solve 138 ms (p2v 186 ms, tx 250771 B, cachehits 0, js 34 ms, wasmC - ms, longtasks 0(0 ms), heap 9.5 MB)
  mid-android/sha16/inline/cold rep 32/50: solve 100 ms (p2v 144 ms, tx 250772 B, cachehits 0, js - ms, wasmC - ms, longtasks 0(0 ms), heap 9.5 MB)
  mid-android/sha16/inline/cold rep 33/50: solve 84 ms (p2v 124 ms, tx 250771 B, cachehits 0, js - ms, wasmC - ms, longtasks 0(0 ms), heap 9.5 MB)
  mid-android/sha16/inline/cold rep 34/50: solve 175 ms (p2v 217 ms, tx 250773 B, cachehits 0, js - ms, wasmC - ms, longtasks 0(0 ms), heap 9.5 MB)
  mid-android/sha16/inline/cold rep 35/50: solve 103 ms (p2v 142 ms, tx 250771 B, cachehits 0, js - ms, wasmC - ms, longtasks 0(0 ms), heap 9.5 MB)
  mid-android/sha16/inline/cold rep 36/50: solve 155 ms (p2v 195 ms, tx 250771 B, cachehits 0, js - ms, wasmC - ms, longtasks 0(0 ms), heap 9.5 MB)
  mid-android/sha16/inline/cold rep 37/50: solve 220 ms (p2v 263 ms, tx 250771 B, cachehits 0, js - ms, wasmC - ms, longtasks 0(0 ms), heap 9.5 MB)
  mid-android/sha16/inline/cold rep 38/50: solve 66 ms (p2v 117 ms, tx 250772 B, cachehits 0, js 32 ms, wasmC - ms, longtasks 0(0 ms), heap 9.5 MB)
  mid-android/sha16/inline/cold rep 39/50: solve 195 ms (p2v 234 ms, tx 250771 B, cachehits 0, js - ms, wasmC - ms, longtasks 0(0 ms), heap 9.5 MB)
  mid-android/sha16/inline/cold rep 40/50: solve 330 ms (p2v 371 ms, tx 250772 B, cachehits 0, js - ms, wasmC - ms, longtasks 0(0 ms), heap 9.5 MB)
  mid-android/sha16/inline/cold rep 41/50: solve 158 ms (p2v 198 ms, tx 250773 B, cachehits 0, js - ms, wasmC - ms, longtasks 0(0 ms), heap 9.5 MB)
  mid-android/sha16/inline/cold rep 42/50: solve 58 ms (p2v 97 ms, tx 250772 B, cachehits 0, js - ms, wasmC - ms, longtasks 0(0 ms), heap 9.5 MB)
  mid-android/sha16/inline/cold rep 43/50: solve 107 ms (p2v 149 ms, tx 250771 B, cachehits 0, js - ms, wasmC - ms, longtasks 0(0 ms), heap 9.5 MB)
  mid-android/sha16/inline/cold rep 44/50: solve 57 ms (p2v 94 ms, tx 250771 B, cachehits 0, js - ms, wasmC - ms, longtasks 0(0 ms), heap 9.5 MB)
  mid-android/sha16/inline/cold rep 45/50: solve 117 ms (p2v 160 ms, tx 250773 B, cachehits 0, js - ms, wasmC - ms, longtasks 0(0 ms), heap 9.5 MB)
  mid-android/sha16/inline/cold rep 46/50: solve 154 ms (p2v 192 ms, tx 250771 B, cachehits 0, js - ms, wasmC - ms, longtasks 0(0 ms), heap 9.5 MB)
  mid-android/sha16/inline/cold rep 47/50: solve 595 ms (p2v 635 ms, tx 250772 B, cachehits 0, js - ms, wasmC - ms, longtasks 0(0 ms), heap 9.5 MB)
  mid-android/sha16/inline/cold rep 48/50: solve 95 ms (p2v 141 ms, tx 250772 B, cachehits 0, js - ms, wasmC - ms, longtasks 0(0 ms), heap 9.5 MB)
  mid-android/sha16/inline/cold rep 49/50: solve 73 ms (p2v 119 ms, tx 250771 B, cachehits 0, js 32 ms, wasmC - ms, longtasks 0(0 ms), heap 9.5 MB)
  mid-android/sha16/inline/cold rep 50/50: solve 95 ms (p2v 132 ms, tx 250771 B, cachehits 0, js - ms, wasmC - ms, longtasks 0(0 ms), heap 9.5 MB)
  mid-android/sha16/inline/warm pre-warmed the context (rep 0 discarded)

  mid-android/sha16/inline/warm rep 1/50: solve 202 ms (p2v 242 ms, tx 250773 B, cachehits 0, js - ms, wasmC - ms, longtasks 0(0 ms), heap 9.5 MB)
  mid-android/sha16/inline/warm rep 2/50: solve 137 ms (p2v 177 ms, tx 250771 B, cachehits 0, js - ms, wasmC - ms, longtasks 0(0 ms), heap 9.5 MB)
  mid-android/sha16/inline/warm rep 3/50: solve 58 ms (p2v 97 ms, tx 250771 B, cachehits 0, js - ms, wasmC - ms, longtasks 0(0 ms), heap 9.5 MB)
  mid-android/sha16/inline/warm rep 4/50: solve 225 ms (p2v 266 ms, tx 250774 B, cachehits 0, js - ms, wasmC - ms, longtasks 0(0 ms), heap 9.5 MB)
  mid-android/sha16/inline/warm rep 5/50: solve 113 ms (p2v 158 ms, tx 250773 B, cachehits 0, js - ms, wasmC - ms, longtasks 0(0 ms), heap 9.5 MB)
  mid-android/sha16/inline/warm rep 6/50: solve 231 ms (p2v 280 ms, tx 250774 B, cachehits 0, js 21 ms, wasmC - ms, longtasks 0(0 ms), heap 9.5 MB)
  mid-android/sha16/inline/warm rep 7/50: solve 135 ms (p2v 173 ms, tx 250771 B, cachehits 0, js - ms, wasmC - ms, longtasks 0(0 ms), heap 9.5 MB)
  mid-android/sha16/inline/warm rep 8/50: solve 91 ms (p2v 131 ms, tx 250772 B, cachehits 0, js - ms, wasmC - ms, longtasks 0(0 ms), heap 9.5 MB)
  mid-android/sha16/inline/warm rep 9/50: solve 63 ms (p2v 104 ms, tx 250771 B, cachehits 0, js - ms, wasmC - ms, longtasks 0(0 ms), heap 9.5 MB)
  mid-android/sha16/inline/warm rep 10/50: solve 70 ms (p2v 113 ms, tx 250773 B, cachehits 0, js - ms, wasmC - ms, longtasks 0(0 ms), heap 9.5 MB)
  mid-android/sha16/inline/warm rep 11/50: solve 66 ms (p2v 106 ms, tx 250771 B, cachehits 0, js - ms, wasmC - ms, longtasks 0(0 ms), heap 9.5 MB)
  mid-android/sha16/inline/warm rep 12/50: solve 471 ms (p2v 513 ms, tx 250771 B, cachehits 0, js - ms, wasmC - ms, longtasks 0(0 ms), heap 9.5 MB)
  mid-android/sha16/inline/warm rep 13/50: solve 179 ms (p2v 222 ms, tx 250773 B, cachehits 0, js 31 ms, wasmC - ms, longtasks 0(0 ms), heap 9.5 MB)
  mid-android/sha16/inline/warm rep 14/50: solve 211 ms (p2v 253 ms, tx 250772 B, cachehits 0, js - ms, wasmC - ms, longtasks 0(0 ms), heap 9.5 MB)
  mid-android/sha16/inline/warm rep 15/50: solve 97 ms (p2v 138 ms, tx 250771 B, cachehits 0, js - ms, wasmC - ms, longtasks 0(0 ms), heap 9.5 MB)
  mid-android/sha16/inline/warm rep 16/50: solve 68 ms (p2v 108 ms, tx 250771 B, cachehits 0, js - ms, wasmC - ms, longtasks 0(0 ms), heap 9.5 MB)
  mid-android/sha16/inline/warm rep 17/50: solve 170 ms (p2v 215 ms, tx 250772 B, cachehits 0, js - ms, wasmC - ms, longtasks 0(0 ms), heap 9.5 MB)
  mid-android/sha16/inline/warm rep 18/50: solve 84 ms (p2v 129 ms, tx 250771 B, cachehits 0, js 24 ms, wasmC - ms, longtasks 0(0 ms), heap 9.5 MB)
  mid-android/sha16/inline/warm rep 19/50: solve 98 ms (p2v 141 ms, tx 250773 B, cachehits 0, js - ms, wasmC - ms, longtasks 0(0 ms), heap 9.5 MB)
  mid-android/sha16/inline/warm rep 20/50: solve 214 ms (p2v 256 ms, tx 250771 B, cachehits 0, js - ms, wasmC - ms, longtasks 0(0 ms), heap 9.5 MB)
  mid-android/sha16/inline/warm rep 21/50: solve 166 ms (p2v 210 ms, tx 250775 B, cachehits 0, js - ms, wasmC - ms, longtasks 0(0 ms), heap 9.5 MB)
  mid-android/sha16/inline/warm rep 22/50: solve 68 ms (p2v 110 ms, tx 250772 B, cachehits 0, js - ms, wasmC - ms, longtasks 0(0 ms), heap 9.5 MB)
  mid-android/sha16/inline/warm rep 23/50: solve 243 ms (p2v 283 ms, tx 250772 B, cachehits 0, js - ms, wasmC - ms, longtasks 0(0 ms), heap 9.5 MB)
  mid-android/sha16/inline/warm rep 24/50: solve 171 ms (p2v 214 ms, tx 250773 B, cachehits 0, js - ms, wasmC - ms, longtasks 0(0 ms), heap 9.5 MB)
  mid-android/sha16/inline/warm rep 25/50: solve 118 ms (p2v 162 ms, tx 250773 B, cachehits 0, js - ms, wasmC - ms, longtasks 0(0 ms), heap 9.5 MB)
  mid-android/sha16/inline/warm rep 26/50: solve 100 ms (p2v 142 ms, tx 250772 B, cachehits 0, js - ms, wasmC - ms, longtasks 0(0 ms), heap 9.5 MB)
  mid-android/sha16/inline/warm rep 27/50: solve 330 ms (p2v 371 ms, tx 250771 B, cachehits 0, js - ms, wasmC - ms, longtasks 0(0 ms), heap 9.5 MB)
  mid-android/sha16/inline/warm rep 28/50: solve 115 ms (p2v 156 ms, tx 250773 B, cachehits 0, js - ms, wasmC - ms, longtasks 0(0 ms), heap 9.5 MB)
  mid-android/sha16/inline/warm rep 29/50: solve 69 ms (p2v 111 ms, tx 250775 B, cachehits 0, js - ms, wasmC - ms, longtasks 0(0 ms), heap 9.5 MB)
  mid-android/sha16/inline/warm rep 30/50: solve 169 ms (p2v 210 ms, tx 250771 B, cachehits 0, js - ms, wasmC - ms, longtasks 0(0 ms), heap 9.5 MB)
  mid-android/sha16/inline/warm rep 31/50: solve 231 ms (p2v 273 ms, tx 250772 B, cachehits 0, js - ms, wasmC - ms, longtasks 0(0 ms), heap 9.5 MB)
  mid-android/sha16/inline/warm rep 32/50: solve 96 ms (p2v 137 ms, tx 250775 B, cachehits 0, js - ms, wasmC - ms, longtasks 0(0 ms), heap 9.5 MB)
  mid-android/sha16/inline/warm rep 33/50: solve 66 ms (p2v 106 ms, tx 250774 B, cachehits 0, js - ms, wasmC - ms, longtasks 0(0 ms), heap 9.5 MB)
  mid-android/sha16/inline/warm rep 34/50: solve 100 ms (p2v 141 ms, tx 250771 B, cachehits 0, js - ms, wasmC - ms, longtasks 0(0 ms), heap 9.5 MB)
  mid-android/sha16/inline/warm rep 35/50: solve 56 ms (p2v 94 ms, tx 250771 B, cachehits 0, js - ms, wasmC - ms, longtasks 0(0 ms), heap 9.5 MB)
  mid-android/sha16/inline/warm rep 36/50: solve 62 ms (p2v 102 ms, tx 250771 B, cachehits 0, js - ms, wasmC - ms, longtasks 0(0 ms), heap 9.5 MB)
  mid-android/sha16/inline/warm rep 37/50: solve 76 ms (p2v 115 ms, tx 250772 B, cachehits 0, js - ms, wasmC - ms, longtasks 0(0 ms), heap 9.5 MB)
  mid-android/sha16/inline/warm rep 38/50: solve 78 ms (p2v 117 ms, tx 250771 B, cachehits 0, js - ms, wasmC - ms, longtasks 0(0 ms), heap 9.5 MB)
  mid-android/sha16/inline/warm rep 39/50: solve 91 ms (p2v 130 ms, tx 250773 B, cachehits 0, js - ms, wasmC - ms, longtasks 0(0 ms), heap 9.5 MB)
  mid-android/sha16/inline/warm rep 40/50: solve 99 ms (p2v 136 ms, tx 250771 B, cachehits 0, js - ms, wasmC - ms, longtasks 0(0 ms), heap 9.5 MB)
  mid-android/sha16/inline/warm rep 41/50: solve 59 ms (p2v 96 ms, tx 250773 B, cachehits 0, js - ms, wasmC - ms, longtasks 0(0 ms), heap 9.5 MB)
  mid-android/sha16/inline/warm rep 42/50: solve 262 ms (p2v 302 ms, tx 250771 B, cachehits 0, js - ms, wasmC - ms, longtasks 0(0 ms), heap 9.5 MB)
  mid-android/sha16/inline/warm rep 43/50: solve 116 ms (p2v 155 ms, tx 250771 B, cachehits 0, js - ms, wasmC - ms, longtasks 0(0 ms), heap 9.5 MB)
  mid-android/sha16/inline/warm rep 44/50: solve 64 ms (p2v 103 ms, tx 250776 B, cachehits 0, js - ms, wasmC - ms, longtasks 0(0 ms), heap 9.5 MB)
  mid-android/sha16/inline/warm rep 45/50: solve 139 ms (p2v 180 ms, tx 250771 B, cachehits 0, js - ms, wasmC - ms, longtasks 0(0 ms), heap 9.5 MB)
  mid-android/sha16/inline/warm rep 46/50: solve 67 ms (p2v 104 ms, tx 250771 B, cachehits 0, js - ms, wasmC - ms, longtasks 0(0 ms), heap 9.5 MB)
  mid-android/sha16/inline/warm rep 47/50: solve 66 ms (p2v 105 ms, tx 250772 B, cachehits 0, js - ms, wasmC - ms, longtasks 0(0 ms), heap 9.5 MB)
  mid-android/sha16/inline/warm rep 48/50: solve 68 ms (p2v 106 ms, tx 250771 B, cachehits 0, js - ms, wasmC - ms, longtasks 0(0 ms), heap 9.5 MB)
  mid-android/sha16/inline/warm rep 49/50: solve 73 ms (p2v 111 ms, tx 250771 B, cachehits 0, js - ms, wasmC - ms, longtasks 0(0 ms), heap 9.5 MB)
  mid-android/sha16/inline/warm rep 50/50: solve 72 ms (p2v 112 ms, tx 250771 B, cachehits 0, js - ms, wasmC - ms, longtasks 0(0 ms), heap 9.5 MB)
  repeat navigation mid-android/sha16/inline/warm: p2v 235 ms, tx 250771 B, cachehits 0, load 40 ms
  mid-android/sha18/inline/cold rep 1/50: solve 73 ms (p2v 110 ms, tx 250771 B, cachehits 0, js - ms, wasmC - ms, longtasks 0(0 ms), heap 9.5 MB)
  mid-android/sha18/inline/cold rep 2/50: solve 392 ms (p2v 429 ms, tx 250771 B, cachehits 0, js - ms, wasmC - ms, longtasks 0(0 ms), heap 9.5 MB)
  mid-android/sha18/inline/cold rep 3/50: solve 668 ms (p2v 705 ms, tx 250772 B, cachehits 0, js - ms, wasmC - ms, longtasks 0(0 ms), heap 9.5 MB)
  mid-android/sha18/inline/cold rep 4/50: solve 202 ms (p2v 237 ms, tx 250772 B, cachehits 0, js - ms, wasmC - ms, longtasks 0(0 ms), heap 9.5 MB)
  mid-android/sha18/inline/cold rep 5/50: solve 391 ms (p2v 427 ms, tx 250772 B, cachehits 0, js - ms, wasmC - ms, longtasks 0(0 ms), heap 9.5 MB)
  mid-android/sha18/inline/cold rep 6/50: solve 592 ms (p2v 628 ms, tx 250771 B, cachehits 0, js - ms, wasmC - ms, longtasks 0(0 ms), heap 9.5 MB)
  mid-android/sha18/inline/cold rep 7/50: solve 177 ms (p2v 214 ms, tx 250771 B, cachehits 0, js - ms, wasmC - ms, longtasks 0(0 ms), heap 9.5 MB)
  mid-android/sha18/inline/cold rep 8/50: solve 714 ms (p2v 751 ms, tx 250771 B, cachehits 0, js - ms, wasmC - ms, longtasks 0(0 ms), heap 9.5 MB)
  mid-android/sha18/inline/cold rep 9/50: solve 608 ms (p2v 645 ms, tx 250773 B, cachehits 0, js - ms, wasmC - ms, longtasks 0(0 ms), heap 9.5 MB)
  mid-android/sha18/inline/cold rep 10/50: solve 653 ms (p2v 689 ms, tx 250772 B, cachehits 0, js - ms, wasmC - ms, longtasks 0(0 ms), heap 9.5 MB)
  mid-android/sha18/inline/cold rep 11/50: solve 108 ms (p2v 145 ms, tx 250772 B, cachehits 0, js - ms, wasmC - ms, longtasks 0(0 ms), heap 9.5 MB)
  mid-android/sha18/inline/cold rep 12/50: solve 248 ms (p2v 283 ms, tx 250771 B, cachehits 0, js - ms, wasmC - ms, longtasks 0(0 ms), heap 9.5 MB)
  mid-android/sha18/inline/cold rep 13/50: solve 73 ms (p2v 110 ms, tx 250772 B, cachehits 0, js - ms, wasmC - ms, longtasks 0(0 ms), heap 9.5 MB)
  mid-android/sha18/inline/cold rep 14/50: solve 60 ms (p2v 94 ms, tx 250772 B, cachehits 0, js - ms, wasmC - ms, longtasks 0(0 ms), heap 9.5 MB)
  mid-android/sha18/inline/cold rep 15/50: solve 767 ms (p2v 802 ms, tx 250775 B, cachehits 0, js - ms, wasmC - ms, longtasks 0(0 ms), heap 9.5 MB)
  mid-android/sha18/inline/cold rep 16/50: solve 1151 ms (p2v 1188 ms, tx 250773 B, cachehits 0, js - ms, wasmC - ms, longtasks 0(0 ms), heap 9.5 MB)
  mid-android/sha18/inline/cold rep 17/50: solve 667 ms (p2v 704 ms, tx 250772 B, cachehits 0, js - ms, wasmC - ms, longtasks 0(0 ms), heap 9.5 MB)
  mid-android/sha18/inline/cold rep 18/50: solve 428 ms (p2v 464 ms, tx 250772 B, cachehits 0, js - ms, wasmC - ms, longtasks 0(0 ms), heap 9.5 MB)
  mid-android/sha18/inline/cold rep 19/50: solve 195 ms (p2v 230 ms, tx 250771 B, cachehits 0, js - ms, wasmC - ms, longtasks 0(0 ms), heap 9.5 MB)
  mid-android/sha18/inline/cold rep 20/50: solve 587 ms (p2v 624 ms, tx 250772 B, cachehits 0, js - ms, wasmC - ms, longtasks 0(0 ms), heap 9.5 MB)
  mid-android/sha18/inline/cold rep 21/50: solve 1306 ms (p2v 1340 ms, tx 250773 B, cachehits 0, js - ms, wasmC - ms, longtasks 0(0 ms), heap 9.5 MB)
  mid-android/sha18/inline/cold rep 22/50: solve 391 ms (p2v 428 ms, tx 250776 B, cachehits 0, js - ms, wasmC - ms, longtasks 0(0 ms), heap 9.5 MB)
  mid-android/sha18/inline/cold rep 23/50: solve 219 ms (p2v 253 ms, tx 250773 B, cachehits 0, js - ms, wasmC - ms, longtasks 0(0 ms), heap 9.5 MB)
  mid-android/sha18/inline/cold rep 24/50: solve 208 ms (p2v 245 ms, tx 250773 B, cachehits 0, js - ms, wasmC - ms, longtasks 0(0 ms), heap 9.5 MB)
  mid-android/sha18/inline/cold rep 25/50: solve 280 ms (p2v 316 ms, tx 250771 B, cachehits 0, js - ms, wasmC - ms, longtasks 0(0 ms), heap 9.5 MB)
  mid-android/sha18/inline/cold rep 26/50: solve 405 ms (p2v 440 ms, tx 250771 B, cachehits 0, js - ms, wasmC - ms, longtasks 0(0 ms), heap 9.5 MB)
  mid-android/sha18/inline/cold rep 27/50: solve 163 ms (p2v 200 ms, tx 250771 B, cachehits 0, js - ms, wasmC - ms, longtasks 0(0 ms), heap 9.5 MB)
  mid-android/sha18/inline/cold rep 28/50: solve 457 ms (p2v 490 ms, tx 250771 B, cachehits 0, js - ms, wasmC - ms, longtasks 0(0 ms), heap 9.5 MB)
  mid-android/sha18/inline/cold rep 29/50: solve 142 ms (p2v 178 ms, tx 250772 B, cachehits 0, js - ms, wasmC - ms, longtasks 0(0 ms), heap 9.5 MB)
  mid-android/sha18/inline/cold rep 30/50: solve 187 ms (p2v 222 ms, tx 250773 B, cachehits 0, js - ms, wasmC - ms, longtasks 0(0 ms), heap 9.5 MB)
  mid-android/sha18/inline/cold rep 31/50: solve 153 ms (p2v 188 ms, tx 250772 B, cachehits 0, js - ms, wasmC - ms, longtasks 0(0 ms), heap 9.5 MB)
  mid-android/sha18/inline/cold rep 32/50: solve 233 ms (p2v 270 ms, tx 250773 B, cachehits 0, js - ms, wasmC - ms, longtasks 0(0 ms), heap 9.5 MB)
  mid-android/sha18/inline/cold rep 33/50: solve 315 ms (p2v 352 ms, tx 250771 B, cachehits 0, js - ms, wasmC - ms, longtasks 0(0 ms), heap 9.5 MB)
  mid-android/sha18/inline/cold rep 34/50: solve 183 ms (p2v 220 ms, tx 250771 B, cachehits 0, js - ms, wasmC - ms, longtasks 0(0 ms), heap 9.5 MB)
  mid-android/sha18/inline/cold rep 35/50: solve 124 ms (p2v 160 ms, tx 250771 B, cachehits 0, js - ms, wasmC - ms, longtasks 0(0 ms), heap 9.5 MB)
  mid-android/sha18/inline/cold rep 36/50: solve 202 ms (p2v 238 ms, tx 250773 B, cachehits 0, js - ms, wasmC - ms, longtasks 0(0 ms), heap 9.5 MB)
  mid-android/sha18/inline/cold rep 37/50: solve 178 ms (p2v 212 ms, tx 250773 B, cachehits 0, js - ms, wasmC - ms, longtasks 0(0 ms), heap 9.5 MB)
  mid-android/sha18/inline/cold rep 38/50: solve 452 ms (p2v 484 ms, tx 250773 B, cachehits 0, js - ms, wasmC - ms, longtasks 0(0 ms), heap 9.5 MB)
  mid-android/sha18/inline/cold rep 39/50: solve 188 ms (p2v 225 ms, tx 250771 B, cachehits 0, js - ms, wasmC - ms, longtasks 0(0 ms), heap 9.5 MB)
  mid-android/sha18/inline/cold rep 40/50: solve 281 ms (p2v 317 ms, tx 250771 B, cachehits 0, js - ms, wasmC - ms, longtasks 0(0 ms), heap 9.5 MB)
  mid-android/sha18/inline/cold rep 41/50: solve 208 ms (p2v 243 ms, tx 250771 B, cachehits 0, js - ms, wasmC - ms, longtasks 0(0 ms), heap 9.5 MB)
  mid-android/sha18/inline/cold rep 42/50: solve 1300 ms (p2v 1334 ms, tx 250772 B, cachehits 0, js - ms, wasmC - ms, longtasks 0(0 ms), heap 9.5 MB)
  mid-android/sha18/inline/cold rep 43/50: solve 358 ms (p2v 393 ms, tx 250771 B, cachehits 0, js - ms, wasmC - ms, longtasks 0(0 ms), heap 9.5 MB)
  mid-android/sha18/inline/cold rep 44/50: solve 497 ms (p2v 531 ms, tx 250772 B, cachehits 0, js - ms, wasmC - ms, longtasks 0(0 ms), heap 9.5 MB)
  mid-android/sha18/inline/cold rep 45/50: solve 194 ms (p2v 229 ms, tx 250777 B, cachehits 0, js - ms, wasmC - ms, longtasks 0(0 ms), heap 9.5 MB)
  mid-android/sha18/inline/cold rep 46/50: solve 208 ms (p2v 243 ms, tx 250773 B, cachehits 0, js - ms, wasmC - ms, longtasks 0(0 ms), heap 9.5 MB)
  mid-android/sha18/inline/cold rep 47/50: solve 1317 ms (p2v 1353 ms, tx 250772 B, cachehits 0, js - ms, wasmC - ms, longtasks 0(0 ms), heap 9.5 MB)
  mid-android/sha18/inline/cold rep 48/50: solve 133 ms (p2v 166 ms, tx 250771 B, cachehits 0, js - ms, wasmC - ms, longtasks 0(0 ms), heap 9.5 MB)
  mid-android/sha18/inline/cold rep 49/50: solve 51 ms (p2v 88 ms, tx 250774 B, cachehits 0, js - ms, wasmC - ms, longtasks 0(0 ms), heap 9.5 MB)
  mid-android/sha18/inline/cold rep 50/50: solve 203 ms (p2v 237 ms, tx 250772 B, cachehits 0, js - ms, wasmC - ms, longtasks 0(0 ms), heap 9.5 MB)
  mid-android/sha18/inline/warm pre-warmed the context (rep 0 discarded)

  mid-android/sha18/inline/warm rep 1/50: solve 650 ms (p2v 685 ms, tx 250771 B, cachehits 0, js - ms, wasmC - ms, longtasks 0(0 ms), heap 9.5 MB)
  mid-android/sha18/inline/warm rep 2/50: solve 163 ms (p2v 199 ms, tx 250774 B, cachehits 0, js - ms, wasmC - ms, longtasks 0(0 ms), heap 9.5 MB)
  mid-android/sha18/inline/warm rep 3/50: solve 84 ms (p2v 121 ms, tx 250779 B, cachehits 0, js - ms, wasmC - ms, longtasks 0(0 ms), heap 9.5 MB)
  mid-android/sha18/inline/warm rep 4/50: solve 82 ms (p2v 117 ms, tx 250771 B, cachehits 0, js - ms, wasmC - ms, longtasks 0(0 ms), heap 9.5 MB)
  mid-android/sha18/inline/warm rep 5/50: solve 118 ms (p2v 152 ms, tx 250774 B, cachehits 0, js - ms, wasmC - ms, longtasks 0(0 ms), heap 9.5 MB)
  mid-android/sha18/inline/warm rep 6/50: solve 381 ms (p2v 417 ms, tx 250774 B, cachehits 0, js - ms, wasmC - ms, longtasks 0(0 ms), heap 9.5 MB)
  mid-android/sha18/inline/warm rep 7/50: solve 137 ms (p2v 172 ms, tx 250772 B, cachehits 0, js - ms, wasmC - ms, longtasks 0(0 ms), heap 9.5 MB)
  mid-android/sha18/inline/warm rep 8/50: solve 506 ms (p2v 541 ms, tx 250774 B, cachehits 0, js - ms, wasmC - ms, longtasks 0(0 ms), heap 9.5 MB)
  mid-android/sha18/inline/warm rep 9/50: solve 51 ms (p2v 85 ms, tx 250771 B, cachehits 0, js - ms, wasmC - ms, longtasks 0(0 ms), heap 9.5 MB)
  mid-android/sha18/inline/warm rep 10/50: solve 521 ms (p2v 558 ms, tx 250774 B, cachehits 0, js - ms, wasmC - ms, longtasks 0(0 ms), heap 9.5 MB)
  mid-android/sha18/inline/warm rep 11/50: solve 109 ms (p2v 145 ms, tx 250775 B, cachehits 0, js - ms, wasmC - ms, longtasks 0(0 ms), heap 9.5 MB)
  mid-android/sha18/inline/warm rep 12/50: solve 83 ms (p2v 118 ms, tx 250771 B, cachehits 0, js - ms, wasmC - ms, longtasks 0(0 ms), heap 9.5 MB)
  mid-android/sha18/inline/warm rep 13/50: solve 100 ms (p2v 137 ms, tx 250772 B, cachehits 0, js - ms, wasmC - ms, longtasks 0(0 ms), heap 9.5 MB)
  mid-android/sha18/inline/warm rep 14/50: solve 103 ms (p2v 137 ms, tx 250771 B, cachehits 0, js - ms, wasmC - ms, longtasks 0(0 ms), heap 9.5 MB)
  mid-android/sha18/inline/warm rep 15/50: solve 498 ms (p2v 535 ms, tx 250773 B, cachehits 0, js - ms, wasmC - ms, longtasks 0(0 ms), heap 9.5 MB)
  mid-android/sha18/inline/warm rep 16/50: solve 110 ms (p2v 146 ms, tx 250776 B, cachehits 0, js - ms, wasmC - ms, longtasks 0(0 ms), heap 9.5 MB)
  mid-android/sha18/inline/warm rep 17/50: solve 231 ms (p2v 267 ms, tx 250771 B, cachehits 0, js - ms, wasmC - ms, longtasks 0(0 ms), heap 9.5 MB)
  mid-android/sha18/inline/warm rep 18/50: solve 578 ms (p2v 614 ms, tx 250771 B, cachehits 0, js - ms, wasmC - ms, longtasks 0(0 ms), heap 9.5 MB)
  mid-android/sha18/inline/warm rep 19/50: solve 165 ms (p2v 199 ms, tx 250773 B, cachehits 0, js - ms, wasmC - ms, longtasks 0(0 ms), heap 9.5 MB)
  mid-android/sha18/inline/warm rep 20/50: solve 540 ms (p2v 574 ms, tx 250773 B, cachehits 0, js - ms, wasmC - ms, longtasks 0(0 ms), heap 9.5 MB)
  mid-android/sha18/inline/warm rep 21/50: solve 186 ms (p2v 220 ms, tx 250771 B, cachehits 0, js - ms, wasmC - ms, longtasks 0(0 ms), heap 9.5 MB)
  mid-android/sha18/inline/warm rep 22/50: solve 1593 ms (p2v 1627 ms, tx 250772 B, cachehits 0, js - ms, wasmC - ms, longtasks 0(0 ms), heap 9.5 MB)
  mid-android/sha18/inline/warm rep 23/50: solve 1235 ms (p2v 1273 ms, tx 250771 B, cachehits 0, js - ms, wasmC - ms, longtasks 0(0 ms), heap 9.5 MB)
  mid-android/sha18/inline/warm rep 24/50: solve 283 ms (p2v 319 ms, tx 250771 B, cachehits 0, js - ms, wasmC - ms, longtasks 0(0 ms), heap 9.5 MB)
  mid-android/sha18/inline/warm rep 25/50: solve 1041 ms (p2v 1079 ms, tx 250772 B, cachehits 0, js - ms, wasmC - ms, longtasks 0(0 ms), heap 9.5 MB)
  mid-android/sha18/inline/warm rep 26/50: solve 188 ms (p2v 221 ms, tx 250774 B, cachehits 0, js - ms, wasmC - ms, longtasks 0(0 ms), heap 9.5 MB)
  mid-android/sha18/inline/warm rep 27/50: solve 179 ms (p2v 215 ms, tx 250771 B, cachehits 0, js - ms, wasmC - ms, longtasks 0(0 ms), heap 9.5 MB)
  mid-android/sha18/inline/warm rep 28/50: solve 170 ms (p2v 207 ms, tx 250774 B, cachehits 0, js - ms, wasmC - ms, longtasks 0(0 ms), heap 9.5 MB)
  mid-android/sha18/inline/warm rep 29/50: solve 168 ms (p2v 202 ms, tx 250772 B, cachehits 0, js - ms, wasmC - ms, longtasks 0(0 ms), heap 9.5 MB)
  mid-android/sha18/inline/warm rep 30/50: solve 785 ms (p2v 819 ms, tx 250771 B, cachehits 0, js - ms, wasmC - ms, longtasks 0(0 ms), heap 9.5 MB)
  mid-android/sha18/inline/warm rep 31/50: solve 200 ms (p2v 235 ms, tx 250771 B, cachehits 0, js - ms, wasmC - ms, longtasks 0(0 ms), heap 9.5 MB)
  mid-android/sha18/inline/warm rep 32/50: solve 584 ms (p2v 620 ms, tx 250773 B, cachehits 0, js - ms, wasmC - ms, longtasks 0(0 ms), heap 9.5 MB)
  mid-android/sha18/inline/warm rep 33/50: solve 178 ms (p2v 215 ms, tx 250775 B, cachehits 0, js - ms, wasmC - ms, longtasks 0(0 ms), heap 9.5 MB)
  mid-android/sha18/inline/warm rep 34/50: solve 105 ms (p2v 141 ms, tx 250771 B, cachehits 0, js - ms, wasmC - ms, longtasks 0(0 ms), heap 9.5 MB)
  mid-android/sha18/inline/warm rep 35/50: solve 424 ms (p2v 459 ms, tx 250773 B, cachehits 0, js - ms, wasmC - ms, longtasks 0(0 ms), heap 9.5 MB)
  mid-android/sha18/inline/warm rep 36/50: solve 527 ms (p2v 566 ms, tx 250775 B, cachehits 0, js - ms, wasmC - ms, longtasks 0(0 ms), heap 9.5 MB)
  mid-android/sha18/inline/warm rep 37/50: solve 132 ms (p2v 173 ms, tx 250771 B, cachehits 0, js - ms, wasmC - ms, longtasks 0(0 ms), heap 9.5 MB)
  mid-android/sha18/inline/warm rep 38/50: solve 225 ms (p2v 266 ms, tx 250775 B, cachehits 0, js - ms, wasmC - ms, longtasks 0(0 ms), heap 9.5 MB)
  mid-android/sha18/inline/warm rep 39/50: solve 300 ms (p2v 344 ms, tx 250773 B, cachehits 0, js - ms, wasmC - ms, longtasks 0(0 ms), heap 9.5 MB)
  mid-android/sha18/inline/warm rep 40/50: solve 167 ms (p2v 204 ms, tx 250776 B, cachehits 0, js - ms, wasmC - ms, longtasks 0(0 ms), heap 9.5 MB)
  mid-android/sha18/inline/warm rep 41/50: solve 1701 ms (p2v 1740 ms, tx 250771 B, cachehits 0, js - ms, wasmC - ms, longtasks 0(0 ms), heap 9.5 MB)
  mid-android/sha18/inline/warm rep 42/50: solve 230 ms (p2v 271 ms, tx 250774 B, cachehits 0, js - ms, wasmC - ms, longtasks 0(0 ms), heap 9.5 MB)
  mid-android/sha18/inline/warm rep 43/50: solve 187 ms (p2v 228 ms, tx 250772 B, cachehits 0, js - ms, wasmC - ms, longtasks 0(0 ms), heap 9.5 MB)
  mid-android/sha18/inline/warm rep 44/50: solve 255 ms (p2v 296 ms, tx 250772 B, cachehits 0, js - ms, wasmC - ms, longtasks 0(0 ms), heap 9.5 MB)
  mid-android/sha18/inline/warm rep 45/50: solve 158 ms (p2v 200 ms, tx 250777 B, cachehits 0, js - ms, wasmC - ms, longtasks 0(0 ms), heap 9.5 MB)
  mid-android/sha18/inline/warm rep 46/50: solve 112 ms (p2v 152 ms, tx 250772 B, cachehits 0, js - ms, wasmC - ms, longtasks 0(0 ms), heap 9.5 MB)
  mid-android/sha18/inline/warm rep 47/50: solve 135 ms (p2v 179 ms, tx 250773 B, cachehits 0, js - ms, wasmC - ms, longtasks 0(0 ms), heap 9.5 MB)
  mid-android/sha18/inline/warm rep 48/50: solve 748 ms (p2v 786 ms, tx 250771 B, cachehits 0, js - ms, wasmC - ms, longtasks 0(0 ms), heap 9.5 MB)
  mid-android/sha18/inline/warm rep 49/50: solve 240 ms (p2v 278 ms, tx 250773 B, cachehits 0, js - ms, wasmC - ms, longtasks 0(0 ms), heap 9.5 MB)
  mid-android/sha18/inline/warm rep 50/50: solve 605 ms (p2v 645 ms, tx 250771 B, cachehits 0, js - ms, wasmC - ms, longtasks 0(0 ms), heap 9.5 MB)
  repeat navigation mid-android/sha18/inline/warm: p2v 155 ms, tx 250772 B, cachehits 0, load 42 ms
  mid-android/sha20/inline/cold rep 1/50: solve 284 ms (p2v 322 ms, tx 250773 B, cachehits 0, js - ms, wasmC - ms, longtasks 0(0 ms), heap 9.5 MB)
  mid-android/sha20/inline/cold rep 2/50: solve 2680 ms (p2v 2718 ms, tx 250774 B, cachehits 0, js - ms, wasmC - ms, longtasks 0(0 ms), heap 9.5 MB)
  mid-android/sha20/inline/cold rep 3/50: solve 1111 ms (p2v 1151 ms, tx 250772 B, cachehits 0, js - ms, wasmC - ms, longtasks 0(0 ms), heap 9.5 MB)
  mid-android/sha20/inline/cold rep 4/50: solve 681 ms (p2v 721 ms, tx 250772 B, cachehits 0, js - ms, wasmC - ms, longtasks 0(0 ms), heap 9.5 MB)
  mid-android/sha20/inline/cold rep 5/50: solve 638 ms (p2v 677 ms, tx 250774 B, cachehits 0, js - ms, wasmC - ms, longtasks 0(0 ms), heap 9.5 MB)
  mid-android/sha20/inline/cold rep 6/50: solve 2351 ms (p2v 2390 ms, tx 250771 B, cachehits 0, js - ms, wasmC - ms, longtasks 0(0 ms), heap 9.5 MB)
  mid-android/sha20/inline/cold rep 7/50: solve 1945 ms (p2v 1986 ms, tx 250771 B, cachehits 0, js - ms, wasmC - ms, longtasks 0(0 ms), heap 9.5 MB)
  mid-android/sha20/inline/cold rep 8/50: solve 1115 ms (p2v 1153 ms, tx 250771 B, cachehits 0, js - ms, wasmC - ms, longtasks 0(0 ms), heap 9.5 MB)
  mid-android/sha20/inline/cold rep 9/50: solve 910 ms (p2v 947 ms, tx 250773 B, cachehits 0, js - ms, wasmC - ms, longtasks 0(0 ms), heap 9.5 MB)
  mid-android/sha20/inline/cold rep 10/50: solve 761 ms (p2v 798 ms, tx 250771 B, cachehits 0, js - ms, wasmC - ms, longtasks 0(0 ms), heap 9.5 MB)
  mid-android/sha20/inline/cold rep 11/50: solve 2626 ms (p2v 2665 ms, tx 250776 B, cachehits 0, js - ms, wasmC - ms, longtasks 0(0 ms), heap 9.5 MB)
  mid-android/sha20/inline/cold rep 12/50: solve 140 ms (p2v 178 ms, tx 250774 B, cachehits 0, js - ms, wasmC - ms, longtasks 0(0 ms), heap 9.5 MB)
  mid-android/sha20/inline/cold rep 13/50: solve 144 ms (p2v 181 ms, tx 250771 B, cachehits 0, js - ms, wasmC - ms, longtasks 0(0 ms), heap 9.5 MB)
  mid-android/sha20/inline/cold rep 14/50: solve 615 ms (p2v 653 ms, tx 250772 B, cachehits 0, js - ms, wasmC - ms, longtasks 0(0 ms), heap 9.5 MB)
  mid-android/sha20/inline/cold rep 15/50: solve 3300 ms (p2v 3338 ms, tx 250771 B, cachehits 0, js - ms, wasmC - ms, longtasks 0(0 ms), heap 9.5 MB)
  mid-android/sha20/inline/cold rep 16/50: solve 401 ms (p2v 439 ms, tx 250775 B, cachehits 0, js - ms, wasmC - ms, longtasks 0(0 ms), heap 9.5 MB)
  mid-android/sha20/inline/cold rep 17/50: solve 3032 ms (p2v 3071 ms, tx 250773 B, cachehits 0, js - ms, wasmC - ms, longtasks 0(0 ms), heap 9.5 MB)
  mid-android/sha20/inline/cold rep 18/50: solve 327 ms (p2v 368 ms, tx 250774 B, cachehits 0, js - ms, wasmC - ms, longtasks 0(0 ms), heap 9.5 MB)
  mid-android/sha20/inline/cold rep 19/50: solve 2145 ms (p2v 2181 ms, tx 250771 B, cachehits 0, js - ms, wasmC - ms, longtasks 0(0 ms), heap 9.5 MB)
  mid-android/sha20/inline/cold rep 20/50: solve 1399 ms (p2v 1438 ms, tx 250773 B, cachehits 0, js - ms, wasmC - ms, longtasks 0(0 ms), heap 9.5 MB)
  mid-android/sha20/inline/cold rep 21/50: solve 640 ms (p2v 681 ms, tx 250773 B, cachehits 0, js - ms, wasmC - ms, longtasks 0(0 ms), heap 9.5 MB)
  mid-android/sha20/inline/cold rep 22/50: solve 185 ms (p2v 222 ms, tx 250772 B, cachehits 0, js - ms, wasmC - ms, longtasks 0(0 ms), heap 9.5 MB)
  mid-android/sha20/inline/cold rep 23/50: solve 100 ms (p2v 137 ms, tx 250773 B, cachehits 0, js - ms, wasmC - ms, longtasks 0(0 ms), heap 9.5 MB)
  mid-android/sha20/inline/cold rep 24/50: solve 1394 ms (p2v 1434 ms, tx 250773 B, cachehits 0, js - ms, wasmC - ms, longtasks 0(0 ms), heap 9.5 MB)
  mid-android/sha20/inline/cold rep 25/50: solve 1984 ms (p2v 2025 ms, tx 250771 B, cachehits 0, js - ms, wasmC - ms, longtasks 0(0 ms), heap 9.5 MB)
  mid-android/sha20/inline/cold rep 26/50: solve 454 ms (p2v 503 ms, tx 250773 B, cachehits 0, js 38 ms, wasmC - ms, longtasks 0(0 ms), heap 9.5 MB)
  mid-android/sha20/inline/cold rep 27/50: solve 5773 ms (p2v 5823 ms, tx 250771 B, cachehits 0, js 38 ms, wasmC - ms, longtasks 0(0 ms), heap 9.5 MB)
  mid-android/sha20/inline/cold rep 28/50: solve 1609 ms (p2v 1659 ms, tx 250771 B, cachehits 0, js 35 ms, wasmC - ms, longtasks 0(0 ms), heap 9.5 MB)
  mid-android/sha20/inline/cold rep 29/50: solve 1140 ms (p2v 1190 ms, tx 250773 B, cachehits 0, js 35 ms, wasmC - ms, longtasks 0(0 ms), heap 9.5 MB)
  mid-android/sha20/inline/cold rep 30/50: solve 460 ms (p2v 513 ms, tx 250771 B, cachehits 0, js 38 ms, wasmC - ms, longtasks 0(0 ms), heap 9.5 MB)
  mid-android/sha20/inline/cold rep 31/50: solve 247 ms (p2v 297 ms, tx 250771 B, cachehits 0, js 35 ms, wasmC - ms, longtasks 0(0 ms), heap 9.5 MB)
  mid-android/sha20/inline/cold rep 32/50: solve 408 ms (p2v 476 ms, tx 250771 B, cachehits 0, js 44 ms, wasmC - ms, longtasks 0(0 ms), heap 9.5 MB)
  mid-android/sha20/inline/cold rep 33/50: solve 3402 ms (p2v 3457 ms, tx 250772 B, cachehits 0, js 40 ms, wasmC - ms, longtasks 0(0 ms), heap 9.5 MB)
  mid-android/sha20/inline/cold rep 34/50: solve 936 ms (p2v 996 ms, tx 250773 B, cachehits 0, js 42 ms, wasmC - ms, longtasks 1(53 ms), heap 9.5 MB)
  mid-android/sha20/inline/cold rep 35/50: solve 2972 ms (p2v 3033 ms, tx 250771 B, cachehits 0, js 39 ms, wasmC - ms, longtasks 1(52 ms), heap 9.5 MB)
  mid-android/sha20/inline/cold rep 36/50: solve 3027 ms (p2v 3073 ms, tx 250772 B, cachehits 0, js 22 ms, wasmC - ms, longtasks 0(0 ms), heap 9.5 MB)
  mid-android/sha20/inline/cold rep 37/50: solve 1321 ms (p2v 1362 ms, tx 250772 B, cachehits 0, js - ms, wasmC - ms, longtasks 0(0 ms), heap 9.5 MB)
  mid-android/sha20/inline/cold rep 38/50: solve 4172 ms (p2v 4219 ms, tx 250771 B, cachehits 0, js 34 ms, wasmC - ms, longtasks 0(0 ms), heap 9.5 MB)
  mid-android/sha20/inline/cold rep 39/50: solve 4626 ms (p2v 4668 ms, tx 250772 B, cachehits 0, js - ms, wasmC - ms, longtasks 0(0 ms), heap 9.5 MB)
  mid-android/sha20/inline/cold rep 40/50: solve 1476 ms (p2v 1519 ms, tx 250774 B, cachehits 0, js - ms, wasmC - ms, longtasks 0(0 ms), heap 9.5 MB)
  mid-android/sha20/inline/cold rep 41/50: solve 219 ms (p2v 269 ms, tx 250772 B, cachehits 0, js 36 ms, wasmC - ms, longtasks 0(0 ms), heap 9.5 MB)
  mid-android/sha20/inline/cold rep 42/50: solve 146 ms (p2v 200 ms, tx 250772 B, cachehits 0, js 42 ms, wasmC - ms, longtasks 0(0 ms), heap 9.5 MB)
  mid-android/sha20/inline/cold rep 43/50: solve 1819 ms (p2v 1874 ms, tx 250773 B, cachehits 0, js 39 ms, wasmC - ms, longtasks 0(0 ms), heap 9.5 MB)
  mid-android/sha20/inline/cold rep 44/50: solve 2210 ms (p2v 2261 ms, tx 250771 B, cachehits 0, js 35 ms, wasmC - ms, longtasks 0(0 ms), heap 9.5 MB)
  mid-android/sha20/inline/cold rep 45/50: solve 515 ms (p2v 569 ms, tx 250771 B, cachehits 0, js 38 ms, wasmC - ms, longtasks 0(0 ms), heap 9.5 MB)
  mid-android/sha20/inline/cold rep 46/50: solve 1445 ms (p2v 1486 ms, tx 250774 B, cachehits 0, js - ms, wasmC - ms, longtasks 0(0 ms), heap 9.5 MB)
  mid-android/sha20/inline/cold rep 47/50: solve 290 ms (p2v 335 ms, tx 250773 B, cachehits 0, js - ms, wasmC - ms, longtasks 0(0 ms), heap 9.5 MB)
  mid-android/sha20/inline/cold rep 48/50: solve 1434 ms (p2v 1477 ms, tx 250776 B, cachehits 0, js - ms, wasmC - ms, longtasks 0(0 ms), heap 9.5 MB)
  mid-android/sha20/inline/cold rep 49/50: solve 2066 ms (p2v 2109 ms, tx 250771 B, cachehits 0, js 33 ms, wasmC - ms, longtasks 0(0 ms), heap 9.5 MB)
  mid-android/sha20/inline/cold rep 50/50: solve 500 ms (p2v 541 ms, tx 250771 B, cachehits 0, js - ms, wasmC - ms, longtasks 0(0 ms), heap 9.5 MB)
  mid-android/sha20/inline/warm pre-warmed the context (rep 0 discarded)

  mid-android/sha20/inline/warm rep 1/50: solve 1471 ms (p2v 1513 ms, tx 250773 B, cachehits 0, js - ms, wasmC - ms, longtasks 0(0 ms), heap 9.5 MB)
  mid-android/sha20/inline/warm rep 2/50: solve 395 ms (p2v 436 ms, tx 250774 B, cachehits 0, js - ms, wasmC - ms, longtasks 0(0 ms), heap 9.5 MB)
  mid-android/sha20/inline/warm rep 3/50: solve 383 ms (p2v 424 ms, tx 250772 B, cachehits 0, js - ms, wasmC - ms, longtasks 0(0 ms), heap 9.5 MB)
  mid-android/sha20/inline/warm rep 4/50: solve 567 ms (p2v 609 ms, tx 250772 B, cachehits 0, js - ms, wasmC - ms, longtasks 0(0 ms), heap 9.5 MB)
  mid-android/sha20/inline/warm rep 5/50: solve 175 ms (p2v 217 ms, tx 250773 B, cachehits 0, js - ms, wasmC - ms, longtasks 0(0 ms), heap 9.5 MB)
  mid-android/sha20/inline/warm rep 6/50: solve 856 ms (p2v 899 ms, tx 250773 B, cachehits 0, js - ms, wasmC - ms, longtasks 0(0 ms), heap 9.5 MB)
  mid-android/sha20/inline/warm rep 7/50: solve 2082 ms (p2v 2124 ms, tx 250771 B, cachehits 0, js - ms, wasmC - ms, longtasks 0(0 ms), heap 9.5 MB)
  mid-android/sha20/inline/warm rep 8/50: solve 1859 ms (p2v 1901 ms, tx 250771 B, cachehits 0, js - ms, wasmC - ms, longtasks 0(0 ms), heap 9.5 MB)
  mid-android/sha20/inline/warm rep 9/50: solve 1029 ms (p2v 1071 ms, tx 250771 B, cachehits 0, js - ms, wasmC - ms, longtasks 0(0 ms), heap 9.5 MB)
  mid-android/sha20/inline/warm rep 10/50: solve 235 ms (p2v 279 ms, tx 250773 B, cachehits 0, js - ms, wasmC - ms, longtasks 0(0 ms), heap 9.5 MB)
  mid-android/sha20/inline/warm rep 11/50: solve 848 ms (p2v 889 ms, tx 250771 B, cachehits 0, js - ms, wasmC - ms, longtasks 0(0 ms), heap 9.5 MB)
  mid-android/sha20/inline/warm rep 12/50: solve 692 ms (p2v 733 ms, tx 250773 B, cachehits 0, js - ms, wasmC - ms, longtasks 0(0 ms), heap 9.5 MB)
  mid-android/sha20/inline/warm rep 13/50: solve 1120 ms (p2v 1164 ms, tx 250771 B, cachehits 0, js - ms, wasmC - ms, longtasks 0(0 ms), heap 9.5 MB)
  mid-android/sha20/inline/warm rep 14/50: solve 1873 ms (p2v 1915 ms, tx 250771 B, cachehits 0, js - ms, wasmC - ms, longtasks 0(0 ms), heap 9.5 MB)
  mid-android/sha20/inline/warm rep 15/50: solve 1963 ms (p2v 2005 ms, tx 250774 B, cachehits 0, js - ms, wasmC - ms, longtasks 0(0 ms), heap 9.5 MB)
  mid-android/sha20/inline/warm rep 16/50: solve 2309 ms (p2v 2349 ms, tx 250771 B, cachehits 0, js - ms, wasmC - ms, longtasks 0(0 ms), heap 9.5 MB)
  mid-android/sha20/inline/warm rep 17/50: solve 5616 ms (p2v 5656 ms, tx 250773 B, cachehits 0, js - ms, wasmC - ms, longtasks 0(0 ms), heap 9.5 MB)
  mid-android/sha20/inline/warm rep 18/50: solve 384 ms (p2v 423 ms, tx 250773 B, cachehits 0, js - ms, wasmC - ms, longtasks 0(0 ms), heap 9.5 MB)
  mid-android/sha20/inline/warm rep 19/50: solve 473 ms (p2v 513 ms, tx 250774 B, cachehits 0, js - ms, wasmC - ms, longtasks 0(0 ms), heap 9.5 MB)
  mid-android/sha20/inline/warm rep 20/50: solve 801 ms (p2v 841 ms, tx 250771 B, cachehits 0, js - ms, wasmC - ms, longtasks 0(0 ms), heap 9.5 MB)
  mid-android/sha20/inline/warm rep 21/50: solve 4356 ms (p2v 4397 ms, tx 250771 B, cachehits 0, js - ms, wasmC - ms, longtasks 0(0 ms), heap 9.5 MB)
  mid-android/sha20/inline/warm rep 22/50: solve 164 ms (p2v 201 ms, tx 250771 B, cachehits 0, js - ms, wasmC - ms, longtasks 0(0 ms), heap 9.5 MB)
  mid-android/sha20/inline/warm rep 23/50: solve 558 ms (p2v 598 ms, tx 250773 B, cachehits 0, js - ms, wasmC - ms, longtasks 0(0 ms), heap 9.5 MB)
  mid-android/sha20/inline/warm rep 24/50: solve 1639 ms (p2v 1678 ms, tx 250774 B, cachehits 0, js - ms, wasmC - ms, longtasks 0(0 ms), heap 9.5 MB)
  mid-android/sha20/inline/warm rep 25/50: solve 2078 ms (p2v 2119 ms, tx 250772 B, cachehits 0, js - ms, wasmC - ms, longtasks 0(0 ms), heap 9.5 MB)
  mid-android/sha20/inline/warm rep 26/50: solve 784 ms (p2v 821 ms, tx 250772 B, cachehits 0, js - ms, wasmC - ms, longtasks 0(0 ms), heap 9.5 MB)
  mid-android/sha20/inline/warm rep 27/50: solve 2567 ms (p2v 2605 ms, tx 250771 B, cachehits 0, js - ms, wasmC - ms, longtasks 0(0 ms), heap 9.5 MB)
  mid-android/sha20/inline/warm rep 28/50: solve 2371 ms (p2v 2408 ms, tx 250773 B, cachehits 0, js - ms, wasmC - ms, longtasks 0(0 ms), heap 9.5 MB)
  mid-android/sha20/inline/warm rep 29/50: solve 3576 ms (p2v 3614 ms, tx 250772 B, cachehits 0, js - ms, wasmC - ms, longtasks 0(0 ms), heap 9.5 MB)
  mid-android/sha20/inline/warm rep 30/50: solve 1035 ms (p2v 1075 ms, tx 250771 B, cachehits 0, js - ms, wasmC - ms, longtasks 0(0 ms), heap 9.5 MB)
  mid-android/sha20/inline/warm rep 31/50: solve 2317 ms (p2v 2357 ms, tx 250772 B, cachehits 0, js - ms, wasmC - ms, longtasks 0(0 ms), heap 9.5 MB)
  mid-android/sha20/inline/warm rep 32/50: solve 2828 ms (p2v 2869 ms, tx 250771 B, cachehits 0, js - ms, wasmC - ms, longtasks 0(0 ms), heap 9.5 MB)
  mid-android/sha20/inline/warm rep 33/50: solve 231 ms (p2v 268 ms, tx 250772 B, cachehits 0, js - ms, wasmC - ms, longtasks 0(0 ms), heap 9.5 MB)
  mid-android/sha20/inline/warm rep 34/50: solve 94 ms (p2v 132 ms, tx 250772 B, cachehits 0, js - ms, wasmC - ms, longtasks 0(0 ms), heap 9.5 MB)
  mid-android/sha20/inline/warm rep 35/50: solve - ms (p2v - ms, tx 251081 B, cachehits 0, js - ms, wasmC - ms, longtasks 0(0 ms), heap 9.5 MB TIMED OUT ERRORS=1)
  mid-android/sha20/inline/warm rep 36/50: solve 99 ms (p2v 138 ms, tx 250774 B, cachehits 0, js - ms, wasmC - ms, longtasks 0(0 ms), heap 9.5 MB)
  mid-android/sha20/inline/warm rep 37/50: solve 2225 ms (p2v 2264 ms, tx 250772 B, cachehits 0, js - ms, wasmC - ms, longtasks 0(0 ms), heap 9.5 MB)
  mid-android/sha20/inline/warm rep 38/50: solve 426 ms (p2v 464 ms, tx 250772 B, cachehits 0, js - ms, wasmC - ms, longtasks 0(0 ms), heap 9.5 MB)
  mid-android/sha20/inline/warm rep 39/50: solve 408 ms (p2v 447 ms, tx 250773 B, cachehits 0, js - ms, wasmC - ms, longtasks 0(0 ms), heap 9.5 MB)
  mid-android/sha20/inline/warm rep 40/50: solve 416 ms (p2v 453 ms, tx 250771 B, cachehits 0, js - ms, wasmC - ms, longtasks 0(0 ms), heap 9.5 MB)
  mid-android/sha20/inline/warm rep 41/50: solve 4866 ms (p2v 4904 ms, tx 250774 B, cachehits 0, js - ms, wasmC - ms, longtasks 0(0 ms), heap 9.5 MB)
  mid-android/sha20/inline/warm rep 42/50: solve 1340 ms (p2v 1377 ms, tx 250771 B, cachehits 0, js - ms, wasmC - ms, longtasks 0(0 ms), heap 9.5 MB)
  mid-android/sha20/inline/warm rep 43/50: solve 65 ms (p2v 103 ms, tx 250771 B, cachehits 0, js - ms, wasmC - ms, longtasks 0(0 ms), heap 9.5 MB)
  mid-android/sha20/inline/warm rep 44/50: solve 162 ms (p2v 200 ms, tx 250773 B, cachehits 0, js - ms, wasmC - ms, longtasks 0(0 ms), heap 9.5 MB)
  mid-android/sha20/inline/warm rep 45/50: solve 867 ms (p2v 904 ms, tx 250772 B, cachehits 0, js - ms, wasmC - ms, longtasks 0(0 ms), heap 9.5 MB)
  mid-android/sha20/inline/warm rep 46/50: solve 1279 ms (p2v 1317 ms, tx 250771 B, cachehits 0, js - ms, wasmC - ms, longtasks 0(0 ms), heap 9.5 MB)
  mid-android/sha20/inline/warm rep 47/50: solve 1225 ms (p2v 1262 ms, tx 250772 B, cachehits 0, js - ms, wasmC - ms, longtasks 0(0 ms), heap 9.5 MB)
  mid-android/sha20/inline/warm rep 48/50: solve 184 ms (p2v 220 ms, tx 250774 B, cachehits 0, js - ms, wasmC - ms, longtasks 0(0 ms), heap 9.5 MB)
  mid-android/sha20/inline/warm rep 49/50: solve 652 ms (p2v 691 ms, tx 250774 B, cachehits 0, js - ms, wasmC - ms, longtasks 0(0 ms), heap 9.5 MB)
  mid-android/sha20/inline/warm rep 50/50: solve 2469 ms (p2v 2508 ms, tx 250771 B, cachehits 0, js - ms, wasmC - ms, longtasks 0(0 ms), heap 9.5 MB)
  repeat navigation mid-android/sha20/inline/warm: p2v 1487 ms, tx 250775 B, cachehits 0, load 42 ms
  mid-android/argon2id/inline/cold rep 1/20: solve 17466 ms (p2v 17502 ms, tx 250805 B, cachehits 0, js - ms, wasmC - ms, worker 16 ms, longtasks 0(0 ms), heap 9.5 MB)
  mid-android/argon2id/inline/cold rep 2/20: solve 10099 ms (p2v 10142 ms, tx 250803 B, cachehits 0, js - ms, wasmC - ms, worker 12 ms, longtasks 0(0 ms), heap 9.5 MB)
  mid-android/argon2id/inline/cold rep 3/20: solve 980 ms (p2v 1033 ms, tx 250804 B, cachehits 0, js 40 ms, wasmC - ms, worker 19 ms, longtasks 0(0 ms), heap 9.5 MB)
  mid-android/argon2id/inline/cold rep 4/20: solve 11895 ms (p2v 11943 ms, tx 250803 B, cachehits 0, js 32 ms, wasmC - ms, worker 17 ms, longtasks 0(0 ms), heap 9.5 MB)
  mid-android/argon2id/inline/cold rep 5/20: solve 6005 ms (p2v 6066 ms, tx 250805 B, cachehits 0, js 45 ms, wasmC - ms, worker 21 ms, longtasks 0(0 ms), heap 9.5 MB)
  mid-android/argon2id/inline/cold rep 6/20: solve 2034 ms (p2v 2081 ms, tx 250803 B, cachehits 0, js 34 ms, wasmC - ms, worker 16 ms, longtasks 0(0 ms), heap 9.5 MB)
  mid-android/argon2id/inline/cold rep 7/20: solve 2768 ms (p2v 2812 ms, tx 250804 B, cachehits 0, js - ms, wasmC - ms, worker 13 ms, longtasks 0(0 ms), heap 9.5 MB)
  mid-android/argon2id/inline/cold rep 8/20: solve 386 ms (p2v 419 ms, tx 250803 B, cachehits 0, js - ms, wasmC - ms, worker 15 ms, longtasks 0(0 ms), heap 9.5 MB)
  mid-android/argon2id/inline/cold rep 9/20: solve 12076 ms (p2v 12112 ms, tx 250803 B, cachehits 0, js - ms, wasmC - ms, worker 17 ms, longtasks 0(0 ms), heap 9.5 MB)
  mid-android/argon2id/inline/cold rep 10/20: solve 5285 ms (p2v 5322 ms, tx 250805 B, cachehits 0, js - ms, wasmC - ms, worker 18 ms, longtasks 0(0 ms), heap 9.5 MB)
  mid-android/argon2id/inline/cold rep 11/20: solve 2274 ms (p2v 2330 ms, tx 250803 B, cachehits 0, js 37 ms, wasmC - ms, worker 14 ms, longtasks 0(0 ms), heap 9.5 MB)
  mid-android/argon2id/inline/cold rep 12/20: solve 5754 ms (p2v 5789 ms, tx 250804 B, cachehits 0, js - ms, wasmC - ms, worker 12 ms, longtasks 0(0 ms), heap 9.5 MB)
  mid-android/argon2id/inline/cold rep 13/20: solve 1093 ms (p2v 1127 ms, tx 250803 B, cachehits 0, js - ms, wasmC - ms, worker 12 ms, longtasks 0(0 ms), heap 9.5 MB)
  mid-android/argon2id/inline/cold rep 14/20: solve 4031 ms (p2v 4061 ms, tx 250803 B, cachehits 0, js - ms, wasmC - ms, worker 10 ms, longtasks 0(0 ms), heap 9.5 MB)
  mid-android/argon2id/inline/cold rep 15/20: solve 12762 ms (p2v 12794 ms, tx 250803 B, cachehits 0, js - ms, wasmC - ms, worker 10 ms, longtasks 0(0 ms), heap 9.5 MB)
  mid-android/argon2id/inline/cold rep 16/20: solve 1575 ms (p2v 1604 ms, tx 250803 B, cachehits 0, js - ms, wasmC - ms, worker 10 ms, longtasks 0(0 ms), heap 9.5 MB)
  mid-android/argon2id/inline/cold rep 17/20: solve 905 ms (p2v 934 ms, tx 250806 B, cachehits 0, js - ms, wasmC - ms, worker 10 ms, longtasks 0(0 ms), heap 9.5 MB)
  mid-android/argon2id/inline/cold rep 18/20: solve 4553 ms (p2v 4583 ms, tx 250803 B, cachehits 0, js - ms, wasmC - ms, worker 9 ms, longtasks 0(0 ms), heap 9.5 MB)
  mid-android/argon2id/inline/cold rep 19/20: solve 7887 ms (p2v 7917 ms, tx 250805 B, cachehits 0, js - ms, wasmC - ms, worker 8 ms, longtasks 0(0 ms), heap 9.5 MB)
  mid-android/argon2id/inline/cold rep 20/20: solve 1347 ms (p2v 1377 ms, tx 250805 B, cachehits 0, js - ms, wasmC - ms, worker 9 ms, longtasks 0(0 ms), heap 9.5 MB)
  mid-android/argon2id/inline/warm pre-warmed the context (rep 0 discarded)

  mid-android/argon2id/inline/warm rep 1/20: solve 1094 ms (p2v 1126 ms, tx 250803 B, cachehits 0, js - ms, wasmC - ms, worker 10 ms, longtasks 0(0 ms), heap 9.5 MB)
  mid-android/argon2id/inline/warm rep 2/20: solve 14637 ms (p2v 14668 ms, tx 250806 B, cachehits 0, js - ms, wasmC - ms, worker 9 ms, longtasks 0(0 ms), heap 9.5 MB)
  mid-android/argon2id/inline/warm rep 3/20: solve 21435 ms (p2v 21467 ms, tx 250804 B, cachehits 0, js - ms, wasmC - ms, worker 9 ms, longtasks 0(0 ms), heap 9.5 MB)
  mid-android/argon2id/inline/warm rep 4/20: solve 2501 ms (p2v 2531 ms, tx 250804 B, cachehits 0, js - ms, wasmC - ms, worker 11 ms, longtasks 0(0 ms), heap 9.5 MB)
  mid-android/argon2id/inline/warm rep 5/20: solve 30281 ms (p2v 30313 ms, tx 250803 B, cachehits 0, js - ms, wasmC - ms, worker 10 ms, longtasks 0(0 ms), heap 9.5 MB)
  mid-android/argon2id/inline/warm rep 6/20: solve 7132 ms (p2v 7162 ms, tx 250806 B, cachehits 0, js - ms, wasmC - ms, worker 9 ms, longtasks 0(0 ms), heap 9.5 MB)
  mid-android/argon2id/inline/warm rep 7/20: solve 5846 ms (p2v 5879 ms, tx 250804 B, cachehits 0, js - ms, wasmC - ms, worker 9 ms, longtasks 0(0 ms), heap 9.5 MB)
  mid-android/argon2id/inline/warm rep 8/20: solve 8144 ms (p2v 8176 ms, tx 250804 B, cachehits 0, js - ms, wasmC - ms, worker 11 ms, longtasks 0(0 ms), heap 9.5 MB)
  mid-android/argon2id/inline/warm rep 9/20: solve 16965 ms (p2v 16996 ms, tx 250806 B, cachehits 0, js - ms, wasmC - ms, worker 9 ms, longtasks 0(0 ms), heap 9.5 MB)
  mid-android/argon2id/inline/warm rep 10/20: solve 12347 ms (p2v 12380 ms, tx 250806 B, cachehits 0, js - ms, wasmC - ms, worker 9 ms, longtasks 0(0 ms), heap 9.5 MB)
  mid-android/argon2id/inline/warm rep 11/20: solve 6915 ms (p2v 6949 ms, tx 250804 B, cachehits 0, js - ms, wasmC - ms, worker 10 ms, longtasks 0(0 ms), heap 9.5 MB)
  mid-android/argon2id/inline/warm rep 12/20: solve 14523 ms (p2v 14552 ms, tx 250805 B, cachehits 0, js - ms, wasmC - ms, worker 8 ms, longtasks 0(0 ms), heap 9.5 MB)
  mid-android/argon2id/inline/warm rep 13/20: solve 1527 ms (p2v 1559 ms, tx 250805 B, cachehits 0, js - ms, wasmC - ms, worker 15 ms, longtasks 0(0 ms), heap 9.5 MB)
  mid-android/argon2id/inline/warm rep 14/20: solve 4307 ms (p2v 4352 ms, tx 250805 B, cachehits 0, js 32 ms, wasmC - ms, worker 17 ms, longtasks 0(0 ms), heap 9.5 MB)
  mid-android/argon2id/inline/warm rep 15/20: solve 2107 ms (p2v 2140 ms, tx 250804 B, cachehits 0, js - ms, wasmC - ms, worker 11 ms, longtasks 0(0 ms), heap 9.5 MB)
  mid-android/argon2id/inline/warm rep 16/20: solve 3669 ms (p2v 3701 ms, tx 250803 B, cachehits 0, js - ms, wasmC - ms, worker 15 ms, longtasks 0(0 ms), heap 9.5 MB)
  mid-android/argon2id/inline/warm rep 17/20: solve 226 ms (p2v 262 ms, tx 250803 B, cachehits 0, js - ms, wasmC - ms, worker 13 ms, longtasks 0(0 ms), heap 9.5 MB)
  mid-android/argon2id/inline/warm rep 18/20: solve 6173 ms (p2v 6206 ms, tx 250803 B, cachehits 0, js - ms, wasmC - ms, worker 13 ms, longtasks 0(0 ms), heap 9.5 MB)
  mid-android/argon2id/inline/warm rep 19/20: solve 7536 ms (p2v 7566 ms, tx 250808 B, cachehits 0, js - ms, wasmC - ms, worker 10 ms, longtasks 0(0 ms), heap 9.5 MB)
  mid-android/argon2id/inline/warm rep 20/20: solve 163 ms (p2v 193 ms, tx 250806 B, cachehits 0, js - ms, wasmC - ms, worker 10 ms, longtasks 0(0 ms), heap 9.5 MB)
  repeat navigation mid-android/argon2id/inline/warm: p2v 1681 ms, tx 250803 B, cachehits 0, load 34 ms
  mid-android/sha16/files/cold rep 1/50: solve 102 ms (p2v 132 ms, tx 173434 B, cachehits 0, js - ms, wasmC - ms, longtasks 0(0 ms), heap 9.5 MB)
  mid-android/sha16/files/cold rep 2/50: solve 821 ms (p2v 846 ms, tx 173432 B, cachehits 0, js - ms, wasmC - ms, longtasks 0(0 ms), heap 9.5 MB)
  mid-android/sha16/files/cold rep 3/50: solve 154 ms (p2v 197 ms, tx 173431 B, cachehits 0, js - ms, wasmC - ms, longtasks 0(0 ms), heap 9.5 MB)
  mid-android/sha16/files/cold rep 4/50: solve 832 ms (p2v 877 ms, tx 173433 B, cachehits 0, js - ms, wasmC - ms, longtasks 0(0 ms), heap 9.5 MB)
  mid-android/sha16/files/cold rep 5/50: solve 460 ms (p2v 486 ms, tx 173433 B, cachehits 0, js - ms, wasmC - ms, longtasks 0(0 ms), heap 9.5 MB)
  mid-android/sha16/files/cold rep 6/50: solve 466 ms (p2v 492 ms, tx 173434 B, cachehits 0, js - ms, wasmC - ms, longtasks 0(0 ms), heap 9.5 MB)
  mid-android/sha16/files/cold rep 7/50: solve 256 ms (p2v 283 ms, tx 173431 B, cachehits 0, js - ms, wasmC - ms, longtasks 0(0 ms), heap 9.5 MB)
  mid-android/sha16/files/cold rep 8/50: solve 542 ms (p2v 570 ms, tx 173431 B, cachehits 0, js - ms, wasmC - ms, longtasks 0(0 ms), heap 9.5 MB)
  mid-android/sha16/files/cold rep 9/50: solve 572 ms (p2v 599 ms, tx 173431 B, cachehits 0, js - ms, wasmC - ms, longtasks 0(0 ms), heap 9.5 MB)
  mid-android/sha16/files/cold rep 10/50: solve 250 ms (p2v 278 ms, tx 173434 B, cachehits 0, js - ms, wasmC - ms, longtasks 0(0 ms), heap 9.5 MB)
  mid-android/sha16/files/cold rep 11/50: solve 296 ms (p2v 321 ms, tx 173434 B, cachehits 0, js - ms, wasmC - ms, longtasks 0(0 ms), heap 9.5 MB)
  mid-android/sha16/files/cold rep 12/50: solve 407 ms (p2v 432 ms, tx 173431 B, cachehits 0, js - ms, wasmC - ms, longtasks 0(0 ms), heap 9.5 MB)
  mid-android/sha16/files/cold rep 13/50: solve 512 ms (p2v 552 ms, tx 173432 B, cachehits 0, js - ms, wasmC - ms, longtasks 0(0 ms), heap 9.5 MB)
  mid-android/sha16/files/cold rep 14/50: solve 328 ms (p2v 371 ms, tx 173432 B, cachehits 0, js - ms, wasmC - ms, longtasks 0(0 ms), heap 9.5 MB)
  mid-android/sha16/files/cold rep 15/50: solve 931 ms (p2v 973 ms, tx 173431 B, cachehits 0, js - ms, wasmC - ms, longtasks 0(0 ms), heap 9.5 MB)
  mid-android/sha16/files/cold rep 16/50: solve 186 ms (p2v 210 ms, tx 173433 B, cachehits 0, js - ms, wasmC - ms, longtasks 0(0 ms), heap 9.5 MB)
  mid-android/sha16/files/cold rep 17/50: solve 782 ms (p2v 809 ms, tx 173431 B, cachehits 0, js - ms, wasmC - ms, longtasks 0(0 ms), heap 9.5 MB)
  mid-android/sha16/files/cold rep 18/50: solve 256 ms (p2v 280 ms, tx 173431 B, cachehits 0, js - ms, wasmC - ms, longtasks 0(0 ms), heap 9.5 MB)
  mid-android/sha16/files/cold rep 19/50: solve 227 ms (p2v 250 ms, tx 173431 B, cachehits 0, js - ms, wasmC - ms, longtasks 0(0 ms), heap 9.5 MB)
  mid-android/sha16/files/cold rep 20/50: solve 1024 ms (p2v 1051 ms, tx 173433 B, cachehits 0, js - ms, wasmC - ms, longtasks 0(0 ms), heap 9.5 MB)
  mid-android/sha16/files/cold rep 21/50: solve 1260 ms (p2v 1285 ms, tx 173437 B, cachehits 0, js - ms, wasmC - ms, longtasks 0(0 ms), heap 9.5 MB)
  mid-android/sha16/files/cold rep 22/50: solve 217 ms (p2v 246 ms, tx 173431 B, cachehits 0, js - ms, wasmC - ms, longtasks 0(0 ms), heap 9.5 MB)
  mid-android/sha16/files/cold rep 23/50: solve 775 ms (p2v 798 ms, tx 173433 B, cachehits 0, js - ms, wasmC - ms, longtasks 0(0 ms), heap 9.5 MB)
  mid-android/sha16/files/cold rep 24/50: solve 824 ms (p2v 852 ms, tx 173432 B, cachehits 0, js - ms, wasmC - ms, longtasks 0(0 ms), heap 9.5 MB)
  mid-android/sha16/files/cold rep 25/50: solve 165 ms (p2v 192 ms, tx 173432 B, cachehits 0, js - ms, wasmC - ms, longtasks 0(0 ms), heap 9.5 MB)
  mid-android/sha16/files/cold rep 26/50: solve 220 ms (p2v 243 ms, tx 173431 B, cachehits 0, js - ms, wasmC - ms, longtasks 0(0 ms), heap 9.5 MB)
  mid-android/sha16/files/cold rep 27/50: solve 606 ms (p2v 648 ms, tx 173432 B, cachehits 0, js - ms, wasmC - ms, longtasks 0(0 ms), heap 9.5 MB)
  mid-android/sha16/files/cold rep 28/50: solve 159 ms (p2v 184 ms, tx 173433 B, cachehits 0, js - ms, wasmC - ms, longtasks 0(0 ms), heap 9.5 MB)
  mid-android/sha16/files/cold rep 29/50: solve 740 ms (p2v 765 ms, tx 173431 B, cachehits 0, js - ms, wasmC - ms, longtasks 0(0 ms), heap 9.5 MB)
  mid-android/sha16/files/cold rep 30/50: solve 438 ms (p2v 485 ms, tx 173432 B, cachehits 0, js - ms, wasmC - ms, longtasks 0(0 ms), heap 9.5 MB)
  mid-android/sha16/files/cold rep 31/50: solve 384 ms (p2v 409 ms, tx 173433 B, cachehits 0, js - ms, wasmC - ms, longtasks 0(0 ms), heap 9.5 MB)
  mid-android/sha16/files/cold rep 32/50: solve 107 ms (p2v 149 ms, tx 173433 B, cachehits 0, js - ms, wasmC - ms, longtasks 0(0 ms), heap 9.5 MB)
  mid-android/sha16/files/cold rep 33/50: solve 81 ms (p2v 108 ms, tx 173431 B, cachehits 0, js - ms, wasmC - ms, longtasks 0(0 ms), heap 9.5 MB)
  mid-android/sha16/files/cold rep 34/50: solve 137 ms (p2v 162 ms, tx 173432 B, cachehits 0, js - ms, wasmC - ms, longtasks 0(0 ms), heap 9.5 MB)
  mid-android/sha16/files/cold rep 35/50: solve 487 ms (p2v 510 ms, tx 173434 B, cachehits 0, js - ms, wasmC - ms, longtasks 0(0 ms), heap 9.5 MB)
  mid-android/sha16/files/cold rep 36/50: solve 40 ms (p2v 69 ms, tx 173432 B, cachehits 0, js - ms, wasmC - ms, longtasks 0(0 ms), heap 9.5 MB)
  mid-android/sha16/files/cold rep 37/50: solve 241 ms (p2v 281 ms, tx 173432 B, cachehits 0, js - ms, wasmC - ms, longtasks 0(0 ms), heap 9.5 MB)
  mid-android/sha16/files/cold rep 38/50: solve 999 ms (p2v 1023 ms, tx 173432 B, cachehits 0, js - ms, wasmC - ms, longtasks 0(0 ms), heap 9.5 MB)
  mid-android/sha16/files/cold rep 39/50: solve 1536 ms (p2v 1562 ms, tx 173431 B, cachehits 0, js - ms, wasmC - ms, longtasks 0(0 ms), heap 9.5 MB)
  mid-android/sha16/files/cold rep 40/50: solve 265 ms (p2v 287 ms, tx 173432 B, cachehits 0, js - ms, wasmC - ms, longtasks 0(0 ms), heap 9.5 MB)
  mid-android/sha16/files/cold rep 41/50: solve 350 ms (p2v 373 ms, tx 173431 B, cachehits 0, js - ms, wasmC - ms, longtasks 0(0 ms), heap 9.5 MB)
  mid-android/sha16/files/cold rep 42/50: solve 353 ms (p2v 393 ms, tx 173437 B, cachehits 0, js - ms, wasmC - ms, longtasks 0(0 ms), heap 9.5 MB)
  mid-android/sha16/files/cold rep 43/50: solve 271 ms (p2v 318 ms, tx 173432 B, cachehits 0, js - ms, wasmC - ms, longtasks 0(0 ms), heap 9.5 MB)
  mid-android/sha16/files/cold rep 44/50: solve 536 ms (p2v 558 ms, tx 173435 B, cachehits 0, js - ms, wasmC - ms, longtasks 0(0 ms), heap 9.5 MB)
  mid-android/sha16/files/cold rep 45/50: solve 43 ms (p2v 66 ms, tx 173431 B, cachehits 0, js - ms, wasmC - ms, longtasks 0(0 ms), heap 9.5 MB)
  mid-android/sha16/files/cold rep 46/50: solve 62 ms (p2v 88 ms, tx 173433 B, cachehits 0, js - ms, wasmC - ms, longtasks 0(0 ms), heap 9.5 MB)
  mid-android/sha16/files/cold rep 47/50: solve 248 ms (p2v 274 ms, tx 173432 B, cachehits 0, js - ms, wasmC - ms, longtasks 0(0 ms), heap 9.5 MB)
  mid-android/sha16/files/cold rep 48/50: solve 441 ms (p2v 466 ms, tx 173433 B, cachehits 0, js - ms, wasmC - ms, longtasks 0(0 ms), heap 9.5 MB)
  mid-android/sha16/files/cold rep 49/50: solve 71 ms (p2v 96 ms, tx 173431 B, cachehits 0, js - ms, wasmC - ms, longtasks 0(0 ms), heap 9.5 MB)
  mid-android/sha16/files/cold rep 50/50: solve 989 ms (p2v 1016 ms, tx 173431 B, cachehits 0, js - ms, wasmC - ms, longtasks 0(0 ms), heap 9.5 MB)
  mid-android/sha16/files/warm pre-warmed the context (rep 0 discarded)

  mid-android/sha16/files/warm rep 1/50: solve 211 ms (p2v 238 ms, tx 16830 B, cachehits 2, js - ms, wasmC - ms, longtasks 0(0 ms), heap 9.5 MB)
  mid-android/sha16/files/warm rep 2/50: solve 509 ms (p2v 537 ms, tx 16828 B, cachehits 2, js - ms, wasmC - ms, longtasks 0(0 ms), heap 9.5 MB)
  mid-android/sha16/files/warm rep 3/50: solve 94 ms (p2v 120 ms, tx 16829 B, cachehits 2, js - ms, wasmC - ms, longtasks 0(0 ms), heap 9.5 MB)
  mid-android/sha16/files/warm rep 4/50: solve 282 ms (p2v 308 ms, tx 16834 B, cachehits 2, js - ms, wasmC - ms, longtasks 0(0 ms), heap 9.5 MB)
  mid-android/sha16/files/warm rep 5/50: solve 496 ms (p2v 523 ms, tx 16830 B, cachehits 2, js - ms, wasmC - ms, longtasks 0(0 ms), heap 9.5 MB)
  mid-android/sha16/files/warm rep 6/50: solve 1108 ms (p2v 1151 ms, tx 16835 B, cachehits 2, js - ms, wasmC - ms, longtasks 0(0 ms), heap 9.5 MB)
  mid-android/sha16/files/warm rep 7/50: solve 177 ms (p2v 208 ms, tx 16829 B, cachehits 2, js - ms, wasmC - ms, longtasks 0(0 ms), heap 9.5 MB)
  mid-android/sha16/files/warm rep 8/50: solve 1418 ms (p2v 1442 ms, tx 16829 B, cachehits 2, js - ms, wasmC - ms, longtasks 0(0 ms), heap 9.5 MB)
  mid-android/sha16/files/warm rep 9/50: solve 279 ms (p2v 312 ms, tx 16829 B, cachehits 2, js - ms, wasmC - ms, longtasks 0(0 ms), heap 9.5 MB)
  mid-android/sha16/files/warm rep 10/50: solve 277 ms (p2v 301 ms, tx 16832 B, cachehits 2, js - ms, wasmC - ms, longtasks 0(0 ms), heap 9.5 MB)
  mid-android/sha16/files/warm rep 11/50: solve 330 ms (p2v 353 ms, tx 16828 B, cachehits 2, js - ms, wasmC - ms, longtasks 0(0 ms), heap 9.5 MB)
  mid-android/sha16/files/warm rep 12/50: solve 287 ms (p2v 311 ms, tx 16828 B, cachehits 2, js - ms, wasmC - ms, longtasks 0(0 ms), heap 9.5 MB)
  mid-android/sha16/files/warm rep 13/50: solve 350 ms (p2v 376 ms, tx 16828 B, cachehits 2, js - ms, wasmC - ms, longtasks 0(0 ms), heap 9.5 MB)
  mid-android/sha16/files/warm rep 14/50: solve 212 ms (p2v 237 ms, tx 16828 B, cachehits 2, js - ms, wasmC - ms, longtasks 0(0 ms), heap 9.5 MB)
  mid-android/sha16/files/warm rep 15/50: solve 236 ms (p2v 262 ms, tx 16830 B, cachehits 2, js - ms, wasmC - ms, longtasks 0(0 ms), heap 9.5 MB)
  mid-android/sha16/files/warm rep 16/50: solve 230 ms (p2v 256 ms, tx 16830 B, cachehits 2, js - ms, wasmC - ms, longtasks 0(0 ms), heap 9.5 MB)
  mid-android/sha16/files/warm rep 17/50: solve 149 ms (p2v 174 ms, tx 16830 B, cachehits 2, js - ms, wasmC - ms, longtasks 0(0 ms), heap 9.5 MB)
  mid-android/sha16/files/warm rep 18/50: solve 303 ms (p2v 328 ms, tx 16830 B, cachehits 2, js - ms, wasmC - ms, longtasks 0(0 ms), heap 9.5 MB)
  mid-android/sha16/files/warm rep 19/50: solve 59 ms (p2v 82 ms, tx 16830 B, cachehits 2, js - ms, wasmC - ms, longtasks 0(0 ms), heap 9.5 MB)
  mid-android/sha16/files/warm rep 20/50: solve 640 ms (p2v 666 ms, tx 16829 B, cachehits 2, js - ms, wasmC - ms, longtasks 0(0 ms), heap 9.5 MB)
  mid-android/sha16/files/warm rep 21/50: solve 126 ms (p2v 152 ms, tx 16831 B, cachehits 2, js - ms, wasmC - ms, longtasks 0(0 ms), heap 9.5 MB)
  mid-android/sha16/files/warm rep 22/50: solve 495 ms (p2v 520 ms, tx 16830 B, cachehits 2, js - ms, wasmC - ms, longtasks 0(0 ms), heap 9.5 MB)
  mid-android/sha16/files/warm rep 23/50: solve 292 ms (p2v 318 ms, tx 16830 B, cachehits 2, js - ms, wasmC - ms, longtasks 0(0 ms), heap 9.5 MB)
  mid-android/sha16/files/warm rep 24/50: solve 219 ms (p2v 245 ms, tx 16830 B, cachehits 2, js - ms, wasmC - ms, longtasks 0(0 ms), heap 9.5 MB)
  mid-android/sha16/files/warm rep 25/50: solve 647 ms (p2v 673 ms, tx 16829 B, cachehits 2, js - ms, wasmC - ms, longtasks 0(0 ms), heap 9.5 MB)
  mid-android/sha16/files/warm rep 26/50: solve 85 ms (p2v 109 ms, tx 16828 B, cachehits 2, js - ms, wasmC - ms, longtasks 0(0 ms), heap 9.5 MB)
  mid-android/sha16/files/warm rep 27/50: solve 367 ms (p2v 392 ms, tx 16828 B, cachehits 2, js - ms, wasmC - ms, longtasks 0(0 ms), heap 9.5 MB)
  mid-android/sha16/files/warm rep 28/50: solve 727 ms (p2v 752 ms, tx 16829 B, cachehits 2, js - ms, wasmC - ms, longtasks 0(0 ms), heap 9.5 MB)
  mid-android/sha16/files/warm rep 29/50: solve 73 ms (p2v 98 ms, tx 16831 B, cachehits 2, js - ms, wasmC - ms, longtasks 0(0 ms), heap 9.5 MB)
  mid-android/sha16/files/warm rep 30/50: solve 161 ms (p2v 185 ms, tx 16832 B, cachehits 2, js - ms, wasmC - ms, longtasks 0(0 ms), heap 9.5 MB)
  mid-android/sha16/files/warm rep 31/50: solve 351 ms (p2v 377 ms, tx 16829 B, cachehits 2, js - ms, wasmC - ms, longtasks 0(0 ms), heap 9.5 MB)
  mid-android/sha16/files/warm rep 32/50: solve 161 ms (p2v 187 ms, tx 16831 B, cachehits 2, js - ms, wasmC - ms, longtasks 0(0 ms), heap 9.5 MB)
  mid-android/sha16/files/warm rep 33/50: solve 207 ms (p2v 231 ms, tx 16831 B, cachehits 2, js - ms, wasmC - ms, longtasks 0(0 ms), heap 9.5 MB)
  mid-android/sha16/files/warm rep 34/50: solve 366 ms (p2v 393 ms, tx 16828 B, cachehits 2, js - ms, wasmC - ms, longtasks 0(0 ms), heap 9.5 MB)
  mid-android/sha16/files/warm rep 35/50: solve 61 ms (p2v 86 ms, tx 16830 B, cachehits 2, js - ms, wasmC - ms, longtasks 0(0 ms), heap 9.5 MB)
  mid-android/sha16/files/warm rep 36/50: solve 251 ms (p2v 276 ms, tx 16830 B, cachehits 2, js - ms, wasmC - ms, longtasks 0(0 ms), heap 9.5 MB)
  mid-android/sha16/files/warm rep 37/50: solve 143 ms (p2v 169 ms, tx 16830 B, cachehits 2, js - ms, wasmC - ms, longtasks 0(0 ms), heap 9.5 MB)
  mid-android/sha16/files/warm rep 38/50: solve 670 ms (p2v 696 ms, tx 16830 B, cachehits 2, js - ms, wasmC - ms, longtasks 0(0 ms), heap 9.5 MB)
  mid-android/sha16/files/warm rep 39/50: solve 416 ms (p2v 442 ms, tx 16829 B, cachehits 2, js - ms, wasmC - ms, longtasks 0(0 ms), heap 9.5 MB)
  mid-android/sha16/files/warm rep 40/50: solve 776 ms (p2v 800 ms, tx 16830 B, cachehits 2, js - ms, wasmC - ms, longtasks 0(0 ms), heap 9.5 MB)
  mid-android/sha16/files/warm rep 41/50: solve 896 ms (p2v 921 ms, tx 16829 B, cachehits 2, js - ms, wasmC - ms, longtasks 0(0 ms), heap 9.5 MB)
  mid-android/sha16/files/warm rep 42/50: solve 260 ms (p2v 285 ms, tx 16830 B, cachehits 2, js - ms, wasmC - ms, longtasks 0(0 ms), heap 9.5 MB)
  mid-android/sha16/files/warm rep 43/50: solve 307 ms (p2v 334 ms, tx 16832 B, cachehits 2, js - ms, wasmC - ms, longtasks 0(0 ms), heap 9.5 MB)
  mid-android/sha16/files/warm rep 44/50: solve 188 ms (p2v 213 ms, tx 16828 B, cachehits 2, js - ms, wasmC - ms, longtasks 0(0 ms), heap 9.5 MB)
  mid-android/sha16/files/warm rep 45/50: solve 883 ms (p2v 909 ms, tx 16828 B, cachehits 2, js - ms, wasmC - ms, longtasks 0(0 ms), heap 9.5 MB)
  mid-android/sha16/files/warm rep 46/50: solve 316 ms (p2v 343 ms, tx 16831 B, cachehits 2, js - ms, wasmC - ms, longtasks 0(0 ms), heap 9.5 MB)
  mid-android/sha16/files/warm rep 47/50: solve 299 ms (p2v 326 ms, tx 16833 B, cachehits 2, js - ms, wasmC - ms, longtasks 0(0 ms), heap 9.5 MB)
  mid-android/sha16/files/warm rep 48/50: solve 792 ms (p2v 818 ms, tx 16830 B, cachehits 2, js - ms, wasmC - ms, longtasks 0(0 ms), heap 9.5 MB)
  mid-android/sha16/files/warm rep 49/50: solve 774 ms (p2v 804 ms, tx 16828 B, cachehits 2, js - ms, wasmC - ms, longtasks 0(0 ms), heap 9.5 MB)
  mid-android/sha16/files/warm rep 50/50: solve 192 ms (p2v 221 ms, tx 16831 B, cachehits 2, js - ms, wasmC - ms, longtasks 0(0 ms), heap 9.5 MB)
  repeat navigation mid-android/sha16/files/warm: p2v 682 ms, tx 16830 B, cachehits 2, load 29 ms
  mid-android/sha18/files/cold rep 1/50: solve 298 ms (p2v 327 ms, tx 173432 B, cachehits 0, js - ms, wasmC - ms, longtasks 0(0 ms), heap 9.5 MB)
  mid-android/sha18/files/cold rep 2/50: solve 404 ms (p2v 432 ms, tx 173435 B, cachehits 0, js - ms, wasmC - ms, longtasks 0(0 ms), heap 9.5 MB)
  mid-android/sha18/files/cold rep 3/50: solve 2028 ms (p2v 2079 ms, tx 173432 B, cachehits 0, js - ms, wasmC - ms, longtasks 0(0 ms), heap 9.5 MB)
  mid-android/sha18/files/cold rep 4/50: solve 46 ms (p2v 71 ms, tx 173431 B, cachehits 0, js - ms, wasmC - ms, longtasks 0(0 ms), heap 9.5 MB)
  mid-android/sha18/files/cold rep 5/50: solve 2134 ms (p2v 2158 ms, tx 173434 B, cachehits 0, js - ms, wasmC - ms, longtasks 0(0 ms), heap 9.5 MB)
  mid-android/sha18/files/cold rep 6/50: solve 3174 ms (p2v 3199 ms, tx 173431 B, cachehits 0, js - ms, wasmC - ms, longtasks 0(0 ms), heap 9.5 MB)
  mid-android/sha18/files/cold rep 7/50: solve 881 ms (p2v 908 ms, tx 173431 B, cachehits 0, js - ms, wasmC - ms, longtasks 0(0 ms), heap 9.5 MB)
  mid-android/sha18/files/cold rep 8/50: solve 1130 ms (p2v 1171 ms, tx 173431 B, cachehits 0, js - ms, wasmC - ms, longtasks 0(0 ms), heap 9.5 MB)
  mid-android/sha18/files/cold rep 9/50: solve 351 ms (p2v 396 ms, tx 173431 B, cachehits 0, js - ms, wasmC - ms, longtasks 0(0 ms), heap 9.5 MB)
  mid-android/sha18/files/cold rep 10/50: solve 2067 ms (p2v 2109 ms, tx 173431 B, cachehits 0, js - ms, wasmC - ms, longtasks 0(0 ms), heap 9.5 MB)
  mid-android/sha18/files/cold rep 11/50: solve 255 ms (p2v 299 ms, tx 173437 B, cachehits 0, js - ms, wasmC - ms, longtasks 0(0 ms), heap 9.5 MB)
  mid-android/sha18/files/cold rep 12/50: solve 2991 ms (p2v 3016 ms, tx 173431 B, cachehits 0, js - ms, wasmC - ms, longtasks 0(0 ms), heap 9.5 MB)
  mid-android/sha18/files/cold rep 13/50: solve 492 ms (p2v 515 ms, tx 173432 B, cachehits 0, js - ms, wasmC - ms, longtasks 0(0 ms), heap 9.5 MB)
  mid-android/sha18/files/cold rep 14/50: solve 1262 ms (p2v 1287 ms, tx 173433 B, cachehits 0, js - ms, wasmC - ms, longtasks 0(0 ms), heap 9.5 MB)
  mid-android/sha18/files/cold rep 15/50: solve 981 ms (p2v 1005 ms, tx 173431 B, cachehits 0, js - ms, wasmC - ms, longtasks 0(0 ms), heap 9.5 MB)
  mid-android/sha18/files/cold rep 16/50: solve 60 ms (p2v 84 ms, tx 173431 B, cachehits 0, js - ms, wasmC - ms, longtasks 0(0 ms), heap 9.5 MB)
  mid-android/sha18/files/cold rep 17/50: solve 2264 ms (p2v 2309 ms, tx 173435 B, cachehits 0, js - ms, wasmC - ms, longtasks 0(0 ms), heap 9.5 MB)
  mid-android/sha18/files/cold rep 18/50: solve 1791 ms (p2v 1818 ms, tx 173433 B, cachehits 0, js - ms, wasmC - ms, longtasks 0(0 ms), heap 9.5 MB)
  mid-android/sha18/files/cold rep 19/50: solve 1536 ms (p2v 1562 ms, tx 173431 B, cachehits 0, js - ms, wasmC - ms, longtasks 0(0 ms), heap 9.5 MB)
  mid-android/sha18/files/cold rep 20/50: solve 458 ms (p2v 482 ms, tx 173432 B, cachehits 0, js - ms, wasmC - ms, longtasks 0(0 ms), heap 9.5 MB)
  mid-android/sha18/files/cold rep 21/50: solve 2619 ms (p2v 2660 ms, tx 173431 B, cachehits 0, js - ms, wasmC - ms, longtasks 0(0 ms), heap 9.5 MB)
  mid-android/sha18/files/cold rep 22/50: solve 483 ms (p2v 507 ms, tx 173432 B, cachehits 0, js - ms, wasmC - ms, longtasks 0(0 ms), heap 9.5 MB)
  mid-android/sha18/files/cold rep 23/50: solve 223 ms (p2v 248 ms, tx 173432 B, cachehits 0, js - ms, wasmC - ms, longtasks 0(0 ms), heap 9.5 MB)
  mid-android/sha18/files/cold rep 24/50: solve 2472 ms (p2v 2511 ms, tx 173432 B, cachehits 0, js - ms, wasmC - ms, longtasks 0(0 ms), heap 9.5 MB)
  mid-android/sha18/files/cold rep 25/50: solve 1239 ms (p2v 1261 ms, tx 173432 B, cachehits 0, js - ms, wasmC - ms, longtasks 0(0 ms), heap 9.5 MB)
  mid-android/sha18/files/cold rep 26/50: solve 530 ms (p2v 555 ms, tx 173432 B, cachehits 0, js - ms, wasmC - ms, longtasks 0(0 ms), heap 9.5 MB)
  mid-android/sha18/files/cold rep 27/50: solve 1264 ms (p2v 1288 ms, tx 173431 B, cachehits 0, js - ms, wasmC - ms, longtasks 0(0 ms), heap 9.5 MB)
  mid-android/sha18/files/cold rep 28/50: solve 286 ms (p2v 310 ms, tx 173432 B, cachehits 0, js - ms, wasmC - ms, longtasks 0(0 ms), heap 9.5 MB)
  mid-android/sha18/files/cold rep 29/50: solve 313 ms (p2v 337 ms, tx 173431 B, cachehits 0, js - ms, wasmC - ms, longtasks 0(0 ms), heap 9.5 MB)
  mid-android/sha18/files/cold rep 30/50: solve 1705 ms (p2v 1732 ms, tx 173434 B, cachehits 0, js - ms, wasmC - ms, longtasks 0(0 ms), heap 9.5 MB)
  mid-android/sha18/files/cold rep 31/50: solve 4397 ms (p2v 4422 ms, tx 173434 B, cachehits 0, js - ms, wasmC - ms, longtasks 0(0 ms), heap 9.5 MB)
  mid-android/sha18/files/cold rep 32/50: solve 2152 ms (p2v 2182 ms, tx 173434 B, cachehits 0, js - ms, wasmC - ms, longtasks 0(0 ms), heap 9.5 MB)
  mid-android/sha18/files/cold rep 33/50: solve 396 ms (p2v 424 ms, tx 173434 B, cachehits 0, js - ms, wasmC - ms, longtasks 0(0 ms), heap 9.5 MB)
  mid-android/sha18/files/cold rep 34/50: solve 3383 ms (p2v 3406 ms, tx 173437 B, cachehits 0, js - ms, wasmC - ms, longtasks 0(0 ms), heap 9.5 MB)
  mid-android/sha18/files/cold rep 35/50: solve 3962 ms (p2v 4010 ms, tx 173435 B, cachehits 0, js - ms, wasmC - ms, longtasks 0(0 ms), heap 9.5 MB)
  mid-android/sha18/files/cold rep 36/50: solve 902 ms (p2v 944 ms, tx 173433 B, cachehits 0, js - ms, wasmC - ms, longtasks 0(0 ms), heap 9.5 MB)
  mid-android/sha18/files/cold rep 37/50: solve 903 ms (p2v 928 ms, tx 173432 B, cachehits 0, js - ms, wasmC - ms, longtasks 0(0 ms), heap 9.5 MB)
  mid-android/sha18/files/cold rep 38/50: solve 3309 ms (p2v 3331 ms, tx 173433 B, cachehits 0, js - ms, wasmC - ms, longtasks 0(0 ms), heap 9.5 MB)
  mid-android/sha18/files/cold rep 39/50: solve 2081 ms (p2v 2105 ms, tx 173433 B, cachehits 0, js - ms, wasmC - ms, longtasks 0(0 ms), heap 9.5 MB)
  mid-android/sha18/files/cold rep 40/50: solve 378 ms (p2v 403 ms, tx 173434 B, cachehits 0, js - ms, wasmC - ms, longtasks 0(0 ms), heap 9.5 MB)
  mid-android/sha18/files/cold rep 41/50: solve 528 ms (p2v 573 ms, tx 173431 B, cachehits 0, js - ms, wasmC - ms, longtasks 0(0 ms), heap 9.5 MB)
  mid-android/sha18/files/cold rep 42/50: solve 726 ms (p2v 751 ms, tx 173435 B, cachehits 0, js - ms, wasmC - ms, longtasks 0(0 ms), heap 9.5 MB)
  mid-android/sha18/files/cold rep 43/50: solve 1827 ms (p2v 1852 ms, tx 173434 B, cachehits 0, js - ms, wasmC - ms, longtasks 0(0 ms), heap 9.5 MB)
  mid-android/sha18/files/cold rep 44/50: solve 1514 ms (p2v 1565 ms, tx 173433 B, cachehits 0, js - ms, wasmC - ms, longtasks 0(0 ms), heap 9.5 MB)
  mid-android/sha18/files/cold rep 45/50: solve 227 ms (p2v 249 ms, tx 173432 B, cachehits 0, js - ms, wasmC - ms, longtasks 0(0 ms), heap 9.5 MB)
  mid-android/sha18/files/cold rep 46/50: solve 317 ms (p2v 341 ms, tx 173433 B, cachehits 0, js - ms, wasmC - ms, longtasks 0(0 ms), heap 9.5 MB)
  mid-android/sha18/files/cold rep 47/50: solve 556 ms (p2v 598 ms, tx 173434 B, cachehits 0, js - ms, wasmC - ms, longtasks 0(0 ms), heap 9.5 MB)
  mid-android/sha18/files/cold rep 48/50: solve 812 ms (p2v 837 ms, tx 173432 B, cachehits 0, js - ms, wasmC - ms, longtasks 0(0 ms), heap 9.5 MB)
  mid-android/sha18/files/cold rep 49/50: solve 2233 ms (p2v 2274 ms, tx 173432 B, cachehits 0, js - ms, wasmC - ms, longtasks 0(0 ms), heap 9.5 MB)
  mid-android/sha18/files/cold rep 50/50: solve 168 ms (p2v 195 ms, tx 173432 B, cachehits 0, js - ms, wasmC - ms, longtasks 0(0 ms), heap 9.5 MB)
  mid-android/sha18/files/warm pre-warmed the context (rep 0 discarded)

  mid-android/sha18/files/warm rep 1/50: solve 3735 ms (p2v 3759 ms, tx 16828 B, cachehits 2, js - ms, wasmC - ms, longtasks 0(0 ms), heap 9.5 MB)
  mid-android/sha18/files/warm rep 2/50: solve 3830 ms (p2v 3861 ms, tx 16829 B, cachehits 2, js - ms, wasmC - ms, longtasks 0(0 ms), heap 9.5 MB)
  mid-android/sha18/files/warm rep 3/50: solve 877 ms (p2v 902 ms, tx 16829 B, cachehits 2, js - ms, wasmC - ms, longtasks 0(0 ms), heap 9.5 MB)
  mid-android/sha18/files/warm rep 4/50: solve 950 ms (p2v 976 ms, tx 16829 B, cachehits 2, js - ms, wasmC - ms, longtasks 0(0 ms), heap 9.5 MB)
  mid-android/sha18/files/warm rep 5/50: solve 1236 ms (p2v 1261 ms, tx 16829 B, cachehits 2, js - ms, wasmC - ms, longtasks 0(0 ms), heap 9.5 MB)
  mid-android/sha18/files/warm rep 6/50: solve 451 ms (p2v 475 ms, tx 16832 B, cachehits 2, js - ms, wasmC - ms, longtasks 0(0 ms), heap 9.5 MB)
  mid-android/sha18/files/warm rep 7/50: solve 233 ms (p2v 258 ms, tx 16831 B, cachehits 2, js - ms, wasmC - ms, longtasks 0(0 ms), heap 9.5 MB)
  mid-android/sha18/files/warm rep 8/50: solve 2113 ms (p2v 2138 ms, tx 16831 B, cachehits 2, js - ms, wasmC - ms, longtasks 0(0 ms), heap 9.5 MB)
  mid-android/sha18/files/warm rep 9/50: solve 1257 ms (p2v 1282 ms, tx 16828 B, cachehits 2, js - ms, wasmC - ms, longtasks 0(0 ms), heap 9.5 MB)
  mid-android/sha18/files/warm rep 10/50: solve 4283 ms (p2v 4307 ms, tx 16831 B, cachehits 2, js - ms, wasmC - ms, longtasks 0(0 ms), heap 9.5 MB)
  mid-android/sha18/files/warm rep 11/50: solve 408 ms (p2v 434 ms, tx 16830 B, cachehits 2, js - ms, wasmC - ms, longtasks 0(0 ms), heap 9.5 MB)
  mid-android/sha18/files/warm rep 12/50: solve 1006 ms (p2v 1031 ms, tx 16836 B, cachehits 2, js - ms, wasmC - ms, longtasks 0(0 ms), heap 9.5 MB)
  mid-android/sha18/files/warm rep 13/50: solve 161 ms (p2v 186 ms, tx 16833 B, cachehits 2, js - ms, wasmC - ms, longtasks 0(0 ms), heap 9.5 MB)
  mid-android/sha18/files/warm rep 14/50: solve 752 ms (p2v 777 ms, tx 16828 B, cachehits 2, js - ms, wasmC - ms, longtasks 0(0 ms), heap 9.5 MB)
  mid-android/sha18/files/warm rep 15/50: solve 1127 ms (p2v 1153 ms, tx 16828 B, cachehits 2, js - ms, wasmC - ms, longtasks 0(0 ms), heap 9.5 MB)
  mid-android/sha18/files/warm rep 16/50: solve 5978 ms (p2v 6003 ms, tx 16831 B, cachehits 2, js - ms, wasmC - ms, longtasks 0(0 ms), heap 9.5 MB)
  mid-android/sha18/files/warm rep 17/50: solve 1276 ms (p2v 1307 ms, tx 16828 B, cachehits 2, js - ms, wasmC - ms, longtasks 0(0 ms), heap 9.5 MB)
  mid-android/sha18/files/warm rep 18/50: solve 2076 ms (p2v 2104 ms, tx 16830 B, cachehits 2, js - ms, wasmC - ms, longtasks 0(0 ms), heap 9.5 MB)
  mid-android/sha18/files/warm rep 19/50: solve 549 ms (p2v 579 ms, tx 16829 B, cachehits 2, js - ms, wasmC - ms, longtasks 0(0 ms), heap 9.5 MB)
  mid-android/sha18/files/warm rep 20/50: solve 376 ms (p2v 406 ms, tx 16829 B, cachehits 2, js - ms, wasmC - ms, longtasks 0(0 ms), heap 9.5 MB)
  mid-android/sha18/files/warm rep 21/50: solve 232 ms (p2v 263 ms, tx 16828 B, cachehits 2, js - ms, wasmC - ms, longtasks 0(0 ms), heap 9.5 MB)
  mid-android/sha18/files/warm rep 22/50: solve 1170 ms (p2v 1203 ms, tx 16829 B, cachehits 2, js - ms, wasmC - ms, longtasks 0(0 ms), heap 9.5 MB)
  mid-android/sha18/files/warm rep 23/50: solve 341 ms (p2v 370 ms, tx 16831 B, cachehits 2, js - ms, wasmC - ms, longtasks 0(0 ms), heap 9.5 MB)
  mid-android/sha18/files/warm rep 24/50: solve 89 ms (p2v 118 ms, tx 16834 B, cachehits 2, js - ms, wasmC - ms, longtasks 0(0 ms), heap 9.5 MB)
  mid-android/sha18/files/warm rep 25/50: solve 958 ms (p2v 985 ms, tx 16829 B, cachehits 2, js - ms, wasmC - ms, longtasks 0(0 ms), heap 9.5 MB)
  mid-android/sha18/files/warm rep 26/50: solve 179 ms (p2v 217 ms, tx 16828 B, cachehits 2, js - ms, wasmC - ms, longtasks 0(0 ms), heap 9.5 MB)
  mid-android/sha18/files/warm rep 27/50: solve 307 ms (p2v 335 ms, tx 16828 B, cachehits 2, js - ms, wasmC - ms, longtasks 0(0 ms), heap 9.5 MB)
  mid-android/sha18/files/warm rep 28/50: solve 303 ms (p2v 332 ms, tx 16830 B, cachehits 2, js - ms, wasmC - ms, longtasks 0(0 ms), heap 9.5 MB)
  mid-android/sha18/files/warm rep 29/50: solve 3189 ms (p2v 3221 ms, tx 16829 B, cachehits 2, js - ms, wasmC - ms, longtasks 0(0 ms), heap 9.5 MB)
  mid-android/sha18/files/warm rep 30/50: solve 1636 ms (p2v 1673 ms, tx 16830 B, cachehits 2, js - ms, wasmC - ms, longtasks 0(0 ms), heap 9.5 MB)
  mid-android/sha18/files/warm rep 31/50: solve 1820 ms (p2v 1851 ms, tx 16828 B, cachehits 2, js - ms, wasmC - ms, longtasks 0(0 ms), heap 9.5 MB)
  mid-android/sha18/files/warm rep 32/50: solve 4116 ms (p2v 4146 ms, tx 16828 B, cachehits 2, js - ms, wasmC - ms, longtasks 0(0 ms), heap 9.5 MB)
  mid-android/sha18/files/warm rep 33/50: solve 2002 ms (p2v 2035 ms, tx 16828 B, cachehits 2, js - ms, wasmC - ms, longtasks 0(0 ms), heap 9.5 MB)
  mid-android/sha18/files/warm rep 34/50: solve 1881 ms (p2v 1912 ms, tx 16830 B, cachehits 2, js - ms, wasmC - ms, longtasks 0(0 ms), heap 9.5 MB)
  mid-android/sha18/files/warm rep 35/50: solve 654 ms (p2v 686 ms, tx 16828 B, cachehits 2, js - ms, wasmC - ms, longtasks 0(0 ms), heap 9.5 MB)
  mid-android/sha18/files/warm rep 36/50: solve 684 ms (p2v 716 ms, tx 16828 B, cachehits 2, js - ms, wasmC - ms, longtasks 0(0 ms), heap 9.5 MB)
  mid-android/sha18/files/warm rep 37/50: solve 2867 ms (p2v 2899 ms, tx 16829 B, cachehits 2, js - ms, wasmC - ms, longtasks 0(0 ms), heap 9.5 MB)
  mid-android/sha18/files/warm rep 38/50: solve 654 ms (p2v 684 ms, tx 16829 B, cachehits 2, js - ms, wasmC - ms, longtasks 0(0 ms), heap 9.5 MB)
  mid-android/sha18/files/warm rep 39/50: solve 1408 ms (p2v 1439 ms, tx 16829 B, cachehits 2, js - ms, wasmC - ms, longtasks 0(0 ms), heap 9.5 MB)
  mid-android/sha18/files/warm rep 40/50: solve 3109 ms (p2v 3139 ms, tx 16828 B, cachehits 2, js - ms, wasmC - ms, longtasks 0(0 ms), heap 9.5 MB)
  mid-android/sha18/files/warm rep 41/50: solve 473 ms (p2v 506 ms, tx 16829 B, cachehits 2, js - ms, wasmC - ms, longtasks 0(0 ms), heap 9.5 MB)
  mid-android/sha18/files/warm rep 42/50: solve 545 ms (p2v 578 ms, tx 16830 B, cachehits 2, js - ms, wasmC - ms, longtasks 0(0 ms), heap 9.5 MB)
  mid-android/sha18/files/warm rep 43/50: solve 1567 ms (p2v 1602 ms, tx 16829 B, cachehits 2, js - ms, wasmC - ms, longtasks 0(0 ms), heap 9.5 MB)
  mid-android/sha18/files/warm rep 44/50: solve 10575 ms (p2v 10609 ms, tx 16830 B, cachehits 2, js - ms, wasmC - ms, longtasks 0(0 ms), heap 9.5 MB)
  mid-android/sha18/files/warm rep 45/50: solve 3961 ms (p2v 3998 ms, tx 16830 B, cachehits 2, js - ms, wasmC - ms, longtasks 0(0 ms), heap 9.5 MB)
  mid-android/sha18/files/warm rep 46/50: solve 923 ms (p2v 963 ms, tx 16828 B, cachehits 2, js - ms, wasmC - ms, longtasks 0(0 ms), heap 9.5 MB)
  mid-android/sha18/files/warm rep 47/50: solve 477 ms (p2v 512 ms, tx 16830 B, cachehits 2, js - ms, wasmC - ms, longtasks 0(0 ms), heap 9.5 MB)
  mid-android/sha18/files/warm rep 48/50: solve 3828 ms (p2v 3862 ms, tx 16828 B, cachehits 2, js - ms, wasmC - ms, longtasks 0(0 ms), heap 9.5 MB)
  mid-android/sha18/files/warm rep 49/50: solve 7357 ms (p2v 7396 ms, tx 16828 B, cachehits 2, js - ms, wasmC - ms, longtasks 0(0 ms), heap 9.5 MB)
  mid-android/sha18/files/warm rep 50/50: solve 7818 ms (p2v 7865 ms, tx 16831 B, cachehits 2, js 24 ms, wasmC - ms, longtasks 0(0 ms), heap 9.5 MB)
  repeat navigation mid-android/sha18/files/warm: p2v 970 ms, tx 16828 B, cachehits 2, load 43 ms
  mid-android/sha20/files/cold rep 1/50: solve 2024 ms (p2v 2063 ms, tx 173433 B, cachehits 0, js - ms, wasmC - ms, longtasks 0(0 ms), heap 9.5 MB)
  mid-android/sha20/files/cold rep 2/50: solve 23172 ms (p2v 23211 ms, tx 173431 B, cachehits 0, js - ms, wasmC - ms, longtasks 0(0 ms), heap 9.5 MB)
  mid-android/sha20/files/cold rep 3/50: solve 5959 ms (p2v 5996 ms, tx 173434 B, cachehits 0, js - ms, wasmC - ms, longtasks 0(0 ms), heap 9.5 MB)
  mid-android/sha20/files/cold rep 4/50: solve 12530 ms (p2v 12567 ms, tx 173431 B, cachehits 0, js - ms, wasmC - ms, longtasks 0(0 ms), heap 9.5 MB)
  mid-android/sha20/files/cold rep 5/50: solve 15854 ms (p2v 15887 ms, tx 173432 B, cachehits 0, js - ms, wasmC - ms, longtasks 0(0 ms), heap 9.5 MB)
  mid-android/sha20/files/cold rep 6/50: solve 5709 ms (p2v 5766 ms, tx 173431 B, cachehits 0, js - ms, wasmC - ms, longtasks 0(0 ms), heap 9.5 MB)
  mid-android/sha20/files/cold rep 7/50: solve 26986 ms (p2v 27024 ms, tx 173431 B, cachehits 0, js - ms, wasmC - ms, longtasks 0(0 ms), heap 9.5 MB)
  mid-android/sha20/files/cold rep 8/50: solve 16536 ms (p2v 16578 ms, tx 173431 B, cachehits 0, js - ms, wasmC - ms, longtasks 0(0 ms), heap 9.5 MB)
  mid-android/sha20/files/cold rep 9/50: solve 1279 ms (p2v 1315 ms, tx 173432 B, cachehits 0, js - ms, wasmC - ms, longtasks 0(0 ms), heap 9.5 MB)
  mid-android/sha20/files/cold rep 10/50: solve 3250 ms (p2v 3284 ms, tx 173433 B, cachehits 0, js - ms, wasmC - ms, longtasks 0(0 ms), heap 9.5 MB)
  mid-android/sha20/files/cold rep 11/50: solve 2995 ms (p2v 3028 ms, tx 173435 B, cachehits 0, js - ms, wasmC - ms, longtasks 0(0 ms), heap 9.5 MB)
  mid-android/sha20/files/cold rep 12/50: solve 4038 ms (p2v 4089 ms, tx 173431 B, cachehits 0, js - ms, wasmC - ms, longtasks 0(0 ms), heap 9.5 MB)
  mid-android/sha20/files/cold rep 13/50: solve 3172 ms (p2v 3205 ms, tx 173432 B, cachehits 0, js - ms, wasmC - ms, longtasks 0(0 ms), heap 9.5 MB)
  mid-android/sha20/files/cold rep 14/50: solve 45440 ms (p2v 45503 ms, tx 173431 B, cachehits 0, js - ms, wasmC - ms, longtasks 0(0 ms), heap 9.5 MB)
  mid-android/sha20/files/cold rep 15/50: solve 13700 ms (p2v 13755 ms, tx 173432 B, cachehits 0, js 25 ms, wasmC - ms, longtasks 0(0 ms), heap 9.5 MB)
  mid-android/sha20/files/cold rep 16/50: solve 13416 ms (p2v 13460 ms, tx 173433 B, cachehits 0, js - ms, wasmC - ms, longtasks 0(0 ms), heap 9.5 MB)
  mid-android/sha20/files/cold rep 17/50: solve 198 ms (p2v 245 ms, tx 173432 B, cachehits 0, js - ms, wasmC - ms, longtasks 0(0 ms), heap 9.5 MB)
  mid-android/sha20/files/cold rep 18/50: solve 11945 ms (p2v 11984 ms, tx 173432 B, cachehits 0, js 27 ms, wasmC - ms, longtasks 0(0 ms), heap 9.5 MB)
  mid-android/sha20/files/cold rep 19/50: solve 2652 ms (p2v 2686 ms, tx 173433 B, cachehits 0, js - ms, wasmC - ms, longtasks 0(0 ms), heap 9.5 MB)
  mid-android/sha20/files/cold rep 20/50: solve 6681 ms (p2v 6718 ms, tx 173432 B, cachehits 0, js - ms, wasmC - ms, longtasks 0(0 ms), heap 9.5 MB)
  mid-android/sha20/files/cold rep 21/50: solve 6730 ms (p2v 6764 ms, tx 173433 B, cachehits 0, js - ms, wasmC - ms, longtasks 0(0 ms), heap 9.5 MB)
  mid-android/sha20/files/cold rep 22/50: solve 24431 ms (p2v 24490 ms, tx 173432 B, cachehits 0, js - ms, wasmC - ms, longtasks 0(0 ms), heap 9.5 MB)
  mid-android/sha20/files/cold rep 23/50: solve 8210 ms (p2v 8242 ms, tx 173431 B, cachehits 0, js - ms, wasmC - ms, longtasks 0(0 ms), heap 9.5 MB)
  mid-android/sha20/files/cold rep 24/50: solve 996 ms (p2v 1031 ms, tx 173433 B, cachehits 0, js - ms, wasmC - ms, longtasks 0(0 ms), heap 9.5 MB)
  mid-android/sha20/files/cold rep 25/50: solve 12250 ms (p2v 12280 ms, tx 173432 B, cachehits 0, js - ms, wasmC - ms, longtasks 0(0 ms), heap 9.5 MB)
  mid-android/sha20/files/cold rep 26/50: solve 8003 ms (p2v 8033 ms, tx 173431 B, cachehits 0, js - ms, wasmC - ms, longtasks 0(0 ms), heap 9.5 MB)
  mid-android/sha20/files/cold rep 27/50: solve 6862 ms (p2v 6917 ms, tx 173432 B, cachehits 0, js - ms, wasmC - ms, longtasks 0(0 ms), heap 9.5 MB)
  mid-android/sha20/files/cold rep 28/50: solve 2504 ms (p2v 2537 ms, tx 173431 B, cachehits 0, js - ms, wasmC - ms, longtasks 0(0 ms), heap 9.5 MB)
  mid-android/sha20/files/cold rep 29/50: solve 837 ms (p2v 890 ms, tx 173431 B, cachehits 0, js - ms, wasmC - ms, longtasks 0(0 ms), heap 9.5 MB)
  mid-android/sha20/files/cold rep 30/50: solve 25693 ms (p2v 25748 ms, tx 173432 B, cachehits 0, js - ms, wasmC - ms, longtasks 0(0 ms), heap 9.5 MB)
  mid-android/sha20/files/cold rep 31/50: solve 13788 ms (p2v 13821 ms, tx 173431 B, cachehits 0, js - ms, wasmC - ms, longtasks 0(0 ms), heap 9.5 MB)
  mid-android/sha20/files/cold rep 32/50: solve 10382 ms (p2v 10435 ms, tx 173432 B, cachehits 0, js - ms, wasmC - ms, longtasks 0(0 ms), heap 9.5 MB)
  mid-android/sha20/files/cold rep 33/50: solve 4038 ms (p2v 4069 ms, tx 173431 B, cachehits 0, js - ms, wasmC - ms, longtasks 0(0 ms), heap 9.5 MB)
  mid-android/sha20/files/cold rep 34/50: solve 5837 ms (p2v 5886 ms, tx 173431 B, cachehits 0, js - ms, wasmC - ms, longtasks 0(0 ms), heap 9.5 MB)
  mid-android/sha20/files/cold rep 35/50: solve 25832 ms (p2v 25883 ms, tx 173433 B, cachehits 0, js - ms, wasmC - ms, longtasks 0(0 ms), heap 9.5 MB)
  mid-android/sha20/files/cold rep 36/50: solve 319 ms (p2v 351 ms, tx 173431 B, cachehits 0, js - ms, wasmC - ms, longtasks 0(0 ms), heap 9.5 MB)
  mid-android/sha20/files/cold rep 37/50: solve 24901 ms (p2v 24933 ms, tx 173433 B, cachehits 0, js - ms, wasmC - ms, longtasks 0(0 ms), heap 9.5 MB)
  mid-android/sha20/files/cold rep 38/50: solve 7733 ms (p2v 7781 ms, tx 173433 B, cachehits 0, js 24 ms, wasmC - ms, longtasks 0(0 ms), heap 9.5 MB)
  mid-android/sha20/files/cold rep 39/50: solve 5189 ms (p2v 5232 ms, tx 173434 B, cachehits 0, js - ms, wasmC - ms, longtasks 0(0 ms), heap 9.5 MB)
  mid-android/sha20/files/cold rep 40/50: solve 10409 ms (p2v 10442 ms, tx 173433 B, cachehits 0, js - ms, wasmC - ms, longtasks 0(0 ms), heap 9.5 MB)
  mid-android/sha20/files/cold rep 41/50: solve 5450 ms (p2v 5500 ms, tx 173432 B, cachehits 0, js - ms, wasmC - ms, longtasks 0(0 ms), heap 9.5 MB)
  mid-android/sha20/files/cold rep 42/50: solve 10236 ms (p2v 10269 ms, tx 173431 B, cachehits 0, js - ms, wasmC - ms, longtasks 0(0 ms), heap 9.5 MB)
  mid-android/sha20/files/cold rep 43/50: solve 12260 ms (p2v 12292 ms, tx 173433 B, cachehits 0, js - ms, wasmC - ms, longtasks 0(0 ms), heap 9.5 MB)
  mid-android/sha20/files/cold rep 44/50: solve 10119 ms (p2v 10154 ms, tx 173431 B, cachehits 0, js - ms, wasmC - ms, longtasks 0(0 ms), heap 9.5 MB)
  mid-android/sha20/files/cold rep 45/50: solve 496 ms (p2v 552 ms, tx 173431 B, cachehits 0, js - ms, wasmC - ms, longtasks 0(0 ms), heap 9.5 MB)
  mid-android/sha20/files/cold rep 46/50: solve 4713 ms (p2v 4748 ms, tx 173434 B, cachehits 0, js - ms, wasmC - ms, longtasks 0(0 ms), heap 9.5 MB)
  mid-android/sha20/files/cold rep 47/50: solve 4741 ms (p2v 4772 ms, tx 173431 B, cachehits 0, js - ms, wasmC - ms, longtasks 0(0 ms), heap 9.5 MB)
  mid-android/sha20/files/cold rep 48/50: solve 8321 ms (p2v 8353 ms, tx 173432 B, cachehits 0, js 102 ms, wasmC - ms, longtasks 0(0 ms), heap 9.5 MB)
  mid-android/sha20/files/cold rep 49/50: solve 3656 ms (p2v 3687 ms, tx 173432 B, cachehits 0, js - ms, wasmC - ms, longtasks 0(0 ms), heap 9.5 MB)
  mid-android/sha20/files/cold rep 50/50: solve 6013 ms (p2v 6045 ms, tx 173432 B, cachehits 0, js - ms, wasmC - ms, longtasks 0(0 ms), heap 9.5 MB)
  mid-android/sha20/files/warm pre-warmed the context (rep 0 discarded)

  mid-android/sha20/files/warm rep 1/50: solve 3294 ms (p2v 3329 ms, tx 16831 B, cachehits 2, js - ms, wasmC - ms, longtasks 0(0 ms), heap 9.5 MB)
  mid-android/sha20/files/warm rep 2/50: solve 12617 ms (p2v 12652 ms, tx 16828 B, cachehits 2, js 103 ms, wasmC - ms, longtasks 0(0 ms), heap 9.5 MB)
  mid-android/sha20/files/warm rep 3/50: solve 5732 ms (p2v 5767 ms, tx 16830 B, cachehits 2, js - ms, wasmC - ms, longtasks 0(0 ms), heap 9.5 MB)
  mid-android/sha20/files/warm rep 4/50: solve 1067 ms (p2v 1102 ms, tx 16831 B, cachehits 2, js - ms, wasmC - ms, longtasks 0(0 ms), heap 9.5 MB)
  mid-android/sha20/files/warm rep 5/50: solve 4263 ms (p2v 4298 ms, tx 16830 B, cachehits 2, js - ms, wasmC - ms, longtasks 0(0 ms), heap 9.5 MB)
  mid-android/sha20/files/warm rep 6/50: solve 8603 ms (p2v 8637 ms, tx 16829 B, cachehits 2, js - ms, wasmC - ms, longtasks 0(0 ms), heap 9.5 MB)
  mid-android/sha20/files/warm rep 7/50: solve 9431 ms (p2v 9464 ms, tx 16830 B, cachehits 2, js 97 ms, wasmC - ms, longtasks 0(0 ms), heap 9.5 MB)
  mid-android/sha20/files/warm rep 8/50: solve 16319 ms (p2v 16353 ms, tx 16833 B, cachehits 2, js - ms, wasmC - ms, longtasks 0(0 ms), heap 9.5 MB)
  mid-android/sha20/files/warm rep 9/50: solve 1404 ms (p2v 1440 ms, tx 16828 B, cachehits 2, js - ms, wasmC - ms, longtasks 0(0 ms), heap 9.5 MB)
  mid-android/sha20/files/warm rep 10/50: solve 686 ms (p2v 720 ms, tx 16830 B, cachehits 2, js - ms, wasmC - ms, longtasks 0(0 ms), heap 9.5 MB)
  mid-android/sha20/files/warm rep 11/50: solve 26468 ms (p2v 26503 ms, tx 16830 B, cachehits 2, js - ms, wasmC - ms, longtasks 0(0 ms), heap 9.5 MB)
  mid-android/sha20/files/warm rep 12/50: solve 756 ms (p2v 790 ms, tx 16829 B, cachehits 2, js - ms, wasmC - ms, longtasks 0(0 ms), heap 9.5 MB)
  mid-android/sha20/files/warm rep 13/50: solve 2241 ms (p2v 2277 ms, tx 16828 B, cachehits 2, js - ms, wasmC - ms, longtasks 0(0 ms), heap 9.5 MB)
  mid-android/sha20/files/warm rep 14/50: solve 647 ms (p2v 681 ms, tx 16828 B, cachehits 2, js - ms, wasmC - ms, longtasks 0(0 ms), heap 9.5 MB)
  mid-android/sha20/files/warm rep 15/50: solve 4845 ms (p2v 4878 ms, tx 16828 B, cachehits 2, js - ms, wasmC - ms, longtasks 0(0 ms), heap 9.5 MB)
  mid-android/sha20/files/warm rep 16/50: solve 23450 ms (p2v 23482 ms, tx 16830 B, cachehits 2, js - ms, wasmC - ms, longtasks 0(0 ms), heap 9.5 MB)
  mid-android/sha20/files/warm rep 17/50: solve 26175 ms (p2v 26208 ms, tx 16829 B, cachehits 2, js - ms, wasmC - ms, longtasks 0(0 ms), heap 9.5 MB)
  mid-android/sha20/files/warm rep 18/50: solve 429 ms (p2v 465 ms, tx 16828 B, cachehits 2, js - ms, wasmC - ms, longtasks 0(0 ms), heap 9.5 MB)
  mid-android/sha20/files/warm rep 19/50: solve 8522 ms (p2v 8557 ms, tx 16831 B, cachehits 2, js - ms, wasmC - ms, longtasks 0(0 ms), heap 9.5 MB)
  mid-android/sha20/files/warm rep 20/50: solve 4103 ms (p2v 4138 ms, tx 16829 B, cachehits 2, js - ms, wasmC - ms, longtasks 0(0 ms), heap 9.5 MB)
  mid-android/sha20/files/warm rep 21/50: solve 16566 ms (p2v 16599 ms, tx 16830 B, cachehits 2, js - ms, wasmC - ms, longtasks 0(0 ms), heap 9.5 MB)
  mid-android/sha20/files/warm rep 22/50: solve 7767 ms (p2v 7798 ms, tx 16829 B, cachehits 2, js - ms, wasmC - ms, longtasks 0(0 ms), heap 9.5 MB)
  mid-android/sha20/files/warm rep 23/50: solve 12515 ms (p2v 12550 ms, tx 16830 B, cachehits 2, js - ms, wasmC - ms, longtasks 0(0 ms), heap 9.5 MB)
  mid-android/sha20/files/warm rep 24/50: solve 8266 ms (p2v 8299 ms, tx 16828 B, cachehits 2, js - ms, wasmC - ms, longtasks 0(0 ms), heap 9.5 MB)
  mid-android/sha20/files/warm rep 25/50: solve 10149 ms (p2v 10185 ms, tx 16828 B, cachehits 2, js - ms, wasmC - ms, longtasks 0(0 ms), heap 9.5 MB)
  mid-android/sha20/files/warm rep 26/50: solve 10435 ms (p2v 10468 ms, tx 16828 B, cachehits 2, js - ms, wasmC - ms, longtasks 0(0 ms), heap 9.5 MB)
  mid-android/sha20/files/warm rep 27/50: solve 1607 ms (p2v 1639 ms, tx 16828 B, cachehits 2, js - ms, wasmC - ms, longtasks 0(0 ms), heap 9.5 MB)
  mid-android/sha20/files/warm rep 28/50: solve 2860 ms (p2v 2892 ms, tx 16829 B, cachehits 2, js - ms, wasmC - ms, longtasks 0(0 ms), heap 9.5 MB)
  mid-android/sha20/files/warm rep 29/50: solve 11784 ms (p2v 11819 ms, tx 16829 B, cachehits 2, js 98 ms, wasmC - ms, longtasks 0(0 ms), heap 9.5 MB)
  mid-android/sha20/files/warm rep 30/50: solve 2882 ms (p2v 2916 ms, tx 16829 B, cachehits 2, js - ms, wasmC - ms, longtasks 0(0 ms), heap 9.5 MB)
  mid-android/sha20/files/warm rep 31/50: solve 1815 ms (p2v 1849 ms, tx 16829 B, cachehits 2, js - ms, wasmC - ms, longtasks 0(0 ms), heap 9.5 MB)
  mid-android/sha20/files/warm rep 32/50: solve 5727 ms (p2v 5760 ms, tx 16832 B, cachehits 2, js - ms, wasmC - ms, longtasks 0(0 ms), heap 9.5 MB)
  mid-android/sha20/files/warm rep 33/50: solve 23322 ms (p2v 23356 ms, tx 16828 B, cachehits 2, js 96 ms, wasmC - ms, longtasks 0(0 ms), heap 9.5 MB)
  mid-android/sha20/files/warm rep 34/50: solve 1102 ms (p2v 1137 ms, tx 16828 B, cachehits 2, js - ms, wasmC - ms, longtasks 0(0 ms), heap 9.5 MB)
  mid-android/sha20/files/warm rep 35/50: solve 12688 ms (p2v 12724 ms, tx 16832 B, cachehits 2, js 102 ms, wasmC - ms, longtasks 0(0 ms), heap 9.5 MB)
  mid-android/sha20/files/warm rep 36/50: solve 4458 ms (p2v 4495 ms, tx 16828 B, cachehits 2, js - ms, wasmC - ms, longtasks 0(0 ms), heap 9.5 MB)
  mid-android/sha20/files/warm rep 37/50: solve 307 ms (p2v 348 ms, tx 16830 B, cachehits 2, js - ms, wasmC - ms, longtasks 0(0 ms), heap 9.5 MB)
  mid-android/sha20/files/warm rep 38/50: solve 31616 ms (p2v 31655 ms, tx 16828 B, cachehits 2, js - ms, wasmC - ms, longtasks 0(0 ms), heap 9.5 MB)
  mid-android/sha20/files/warm rep 39/50: solve 1466 ms (p2v 1515 ms, tx 16828 B, cachehits 2, js 25 ms, wasmC - ms, longtasks 0(0 ms), heap 9.5 MB)
  mid-android/sha20/files/warm rep 40/50: solve 8646 ms (p2v 8702 ms, tx 16831 B, cachehits 2, js 27 ms, wasmC - ms, longtasks 1(50 ms), heap 9.5 MB)
  mid-android/sha20/files/warm rep 41/50: solve 5711 ms (p2v 5752 ms, tx 16829 B, cachehits 2, js - ms, wasmC - ms, longtasks 0(0 ms), heap 9.5 MB)
  mid-android/sha20/files/warm rep 42/50: solve 21953 ms (p2v 21996 ms, tx 16831 B, cachehits 2, js - ms, wasmC - ms, longtasks 0(0 ms), heap 9.5 MB)
  mid-android/sha20/files/warm rep 43/50: solve 3455 ms (p2v 3502 ms, tx 16830 B, cachehits 2, js 21 ms, wasmC - ms, longtasks 0(0 ms), heap 9.5 MB)
  mid-android/sha20/files/warm rep 44/50: solve 22413 ms (p2v 22459 ms, tx 16835 B, cachehits 2, js 23 ms, wasmC - ms, longtasks 0(0 ms), heap 9.5 MB)
  mid-android/sha20/files/warm rep 45/50: solve 7955 ms (p2v 7993 ms, tx 16828 B, cachehits 2, js - ms, wasmC - ms, longtasks 0(0 ms), heap 9.5 MB)
  mid-android/sha20/files/warm rep 46/50: solve 6431 ms (p2v 6468 ms, tx 16828 B, cachehits 2, js - ms, wasmC - ms, longtasks 0(0 ms), heap 9.5 MB)
  mid-android/sha20/files/warm rep 47/50: solve 18904 ms (p2v 18945 ms, tx 16829 B, cachehits 2, js - ms, wasmC - ms, longtasks 0(0 ms), heap 9.5 MB)
  mid-android/sha20/files/warm rep 48/50: solve 684 ms (p2v 722 ms, tx 16829 B, cachehits 2, js - ms, wasmC - ms, longtasks 0(0 ms), heap 9.5 MB)
  mid-android/sha20/files/warm rep 49/50: solve 3872 ms (p2v 3908 ms, tx 16829 B, cachehits 2, js - ms, wasmC - ms, longtasks 0(0 ms), heap 9.5 MB)
  mid-android/sha20/files/warm rep 50/50: solve 7943 ms (p2v 7982 ms, tx 16832 B, cachehits 2, js 99 ms, wasmC - ms, longtasks 0(0 ms), heap 9.5 MB)
  repeat navigation mid-android/sha20/files/warm: p2v 17482 ms, tx 16832 B, cachehits 2, load 45 ms
  mid-android/argon2id/files/cold rep 1/20: solve 53236 ms (p2v 53272 ms, tx 305687 B, cachehits 0, js - ms, wasmC - ms, worker 5 ms, longtasks 0(0 ms), heap 9.5 MB)
  mid-android/argon2id/files/cold rep 2/20: solve 4529 ms (p2v 4642 ms, tx 305688 B, cachehits 0, js - ms, wasmC - ms, worker 7 ms, longtasks 0(0 ms), heap 9.5 MB)
  mid-android/argon2id/files/cold rep 3/20: solve 2727 ms (p2v 2776 ms, tx 305687 B, cachehits 0, js 25 ms, wasmC - ms, worker 8 ms, longtasks 0(0 ms), heap 9.5 MB)
  mid-android/argon2id/files/cold rep 4/20: solve 4096 ms (p2v 4167 ms, tx 305686 B, cachehits 0, js 34 ms, wasmC - ms, worker 7 ms, longtasks 1(60 ms), heap 9.5 MB)
  mid-android/argon2id/files/cold rep 5/20: solve 8419 ms (p2v 8472 ms, tx 305686 B, cachehits 0, js 29 ms, wasmC - ms, worker 7 ms, longtasks 0(0 ms), heap 9.5 MB)
  mid-android/argon2id/files/cold rep 6/20: solve 10892 ms (p2v 10942 ms, tx 305685 B, cachehits 0, js 26 ms, wasmC - ms, worker 6 ms, longtasks 0(0 ms), heap 9.5 MB)
  mid-android/argon2id/files/cold rep 7/20: solve 1292 ms (p2v 1334 ms, tx 305685 B, cachehits 0, js - ms, wasmC - ms, worker 5 ms, longtasks 0(0 ms), heap 9.5 MB)
  mid-android/argon2id/files/cold rep 8/20: solve 6895 ms (p2v 6937 ms, tx 305686 B, cachehits 0, js - ms, wasmC - ms, worker 5 ms, longtasks 0(0 ms), heap 9.5 MB)
  mid-android/argon2id/files/cold rep 9/20: solve 19838 ms (p2v 19907 ms, tx 305687 B, cachehits 0, js - ms, wasmC - ms, worker 6 ms, longtasks 0(0 ms), heap 9.5 MB)
  mid-android/argon2id/files/cold rep 10/20: solve 13250 ms (p2v 13313 ms, tx 305688 B, cachehits 0, js - ms, wasmC - ms, worker 4 ms, longtasks 0(0 ms), heap 9.5 MB)
  mid-android/argon2id/files/cold rep 11/20: solve 9399 ms (p2v 9441 ms, tx 305690 B, cachehits 0, js - ms, wasmC - ms, worker 4 ms, longtasks 0(0 ms), heap 9.5 MB)
  mid-android/argon2id/files/cold rep 12/20: solve 11978 ms (p2v 12014 ms, tx 305685 B, cachehits 0, js - ms, wasmC - ms, worker 5 ms, longtasks 0(0 ms), heap 9.5 MB)
  mid-android/argon2id/files/cold rep 13/20: solve 4993 ms (p2v 5034 ms, tx 305685 B, cachehits 0, js 20 ms, wasmC - ms, worker 6 ms, longtasks 0(0 ms), heap 9.5 MB)
  mid-android/argon2id/files/cold rep 14/20: solve 12087 ms (p2v 12144 ms, tx 305686 B, cachehits 0, js 29 ms, wasmC - ms, worker 8 ms, longtasks 1(51 ms), heap 9.5 MB)
  mid-android/argon2id/files/cold rep 15/20: solve 20067 ms (p2v 20105 ms, tx 305687 B, cachehits 0, js - ms, wasmC - ms, worker 6 ms, longtasks 0(0 ms), heap 9.5 MB)
  mid-android/argon2id/files/cold rep 16/20: solve 3419 ms (p2v 3458 ms, tx 305685 B, cachehits 0, js - ms, wasmC - ms, worker 4 ms, longtasks 0(0 ms), heap 9.5 MB)
  mid-android/argon2id/files/cold rep 17/20: solve 29603 ms (p2v 29647 ms, tx 305687 B, cachehits 0, js - ms, wasmC - ms, worker 6 ms, longtasks 0(0 ms), heap 9.5 MB)
  mid-android/argon2id/files/cold rep 18/20: solve 1981 ms (p2v 2017 ms, tx 305686 B, cachehits 0, js - ms, wasmC - ms, worker 5 ms, longtasks 0(0 ms), heap 9.5 MB)
  mid-android/argon2id/files/cold rep 19/20: solve 11358 ms (p2v 11397 ms, tx 305686 B, cachehits 0, js - ms, wasmC - ms, worker 4 ms, longtasks 0(0 ms), heap 9.5 MB)
  mid-android/argon2id/files/cold rep 20/20: solve 4925 ms (p2v 4974 ms, tx 305688 B, cachehits 0, js 24 ms, wasmC - ms, worker 6 ms, longtasks 0(0 ms), heap 9.5 MB)
  mid-android/argon2id/files/warm pre-warmed the context (rep 0 discarded)

  mid-android/argon2id/files/warm rep 1/20: solve 14266 ms (p2v 14302 ms, tx 16860 B, cachehits 5, js - ms, wasmC - ms, worker 4 ms, longtasks 0(0 ms), heap 9.5 MB)
  mid-android/argon2id/files/warm rep 2/20: solve 18216 ms (p2v 18255 ms, tx 16861 B, cachehits 5, js 22 ms, wasmC - ms, worker 4 ms, longtasks 0(0 ms), heap 9.5 MB)
  mid-android/argon2id/files/warm rep 3/20: solve 29770 ms (p2v 29818 ms, tx 16864 B, cachehits 5, js 25 ms, wasmC - ms, worker 3 ms, longtasks 0(0 ms), heap 9.5 MB)
  mid-android/argon2id/files/warm rep 4/20: solve 4107 ms (p2v 4162 ms, tx 16860 B, cachehits 5, js 22 ms, wasmC - ms, worker 7 ms, longtasks 0(0 ms), heap 9.5 MB)
  mid-android/argon2id/files/warm rep 5/20: solve 1572 ms (p2v 1620 ms, tx 16861 B, cachehits 5, js 23 ms, wasmC - ms, worker 6 ms, longtasks 0(0 ms), heap 9.5 MB)
  mid-android/argon2id/files/warm rep 6/20: solve 14351 ms (p2v 14394 ms, tx 16862 B, cachehits 5, js - ms, wasmC - ms, worker 6 ms, longtasks 0(0 ms), heap 9.5 MB)
  mid-android/argon2id/files/warm rep 7/20: solve 9717 ms (p2v 9754 ms, tx 16862 B, cachehits 5, js - ms, wasmC - ms, worker 3 ms, longtasks 0(0 ms), heap 9.5 MB)
  mid-android/argon2id/files/warm rep 8/20: solve 27450 ms (p2v 27487 ms, tx 16865 B, cachehits 5, js - ms, wasmC - ms, worker 4 ms, longtasks 0(0 ms), heap 9.5 MB)
  mid-android/argon2id/files/warm rep 9/20: solve 524 ms (p2v 562 ms, tx 16863 B, cachehits 5, js - ms, wasmC - ms, worker 4 ms, longtasks 0(0 ms), heap 9.5 MB)
  mid-android/argon2id/files/warm rep 10/20: solve 8549 ms (p2v 8583 ms, tx 16862 B, cachehits 5, js - ms, wasmC - ms, worker 4 ms, longtasks 0(0 ms), heap 9.5 MB)
  mid-android/argon2id/files/warm rep 11/20: solve 8976 ms (p2v 9013 ms, tx 16863 B, cachehits 5, js - ms, wasmC - ms, worker 4 ms, longtasks 0(0 ms), heap 9.5 MB)
  mid-android/argon2id/files/warm rep 12/20: solve 3775 ms (p2v 3808 ms, tx 16864 B, cachehits 5, js - ms, wasmC - ms, worker 4 ms, longtasks 0(0 ms), heap 9.5 MB)
  mid-android/argon2id/files/warm rep 13/20: solve 662 ms (p2v 696 ms, tx 16860 B, cachehits 5, js - ms, wasmC - ms, worker 3 ms, longtasks 0(0 ms), heap 9.5 MB)
  mid-android/argon2id/files/warm rep 14/20: solve 2077 ms (p2v 2112 ms, tx 16860 B, cachehits 5, js - ms, wasmC - ms, worker 3 ms, longtasks 0(0 ms), heap 9.5 MB)
  mid-android/argon2id/files/warm rep 15/20: solve 11291 ms (p2v 11325 ms, tx 16862 B, cachehits 5, js - ms, wasmC - ms, worker 4 ms, longtasks 0(0 ms), heap 9.5 MB)
  mid-android/argon2id/files/warm rep 16/20: solve 28298 ms (p2v 28332 ms, tx 16861 B, cachehits 5, js - ms, wasmC - ms, worker 4 ms, longtasks 0(0 ms), heap 9.5 MB)
  mid-android/argon2id/files/warm rep 17/20: solve 23408 ms (p2v 23443 ms, tx 16860 B, cachehits 5, js - ms, wasmC - ms, worker 5 ms, longtasks 0(0 ms), heap 9.5 MB)
  mid-android/argon2id/files/warm rep 18/20: solve 5009 ms (p2v 5050 ms, tx 16860 B, cachehits 5, js - ms, wasmC - ms, worker 4 ms, longtasks 0(0 ms), heap 9.5 MB)
  mid-android/argon2id/files/warm rep 19/20: solve 24448 ms (p2v 24487 ms, tx 16860 B, cachehits 5, js - ms, wasmC - ms, worker 5 ms, longtasks 0(0 ms), heap 9.5 MB)
  mid-android/argon2id/files/warm rep 20/20: solve 1793 ms (p2v 1832 ms, tx 16861 B, cachehits 5, js - ms, wasmC - ms, worker 4 ms, longtasks 0(0 ms), heap 9.5 MB)
  repeat navigation mid-android/argon2id/files/warm: p2v 7058 ms, tx 16865 B, cachehits 5, load 37 ms
tier flagship-android (flagship Android (Pixel 8-class), CPU x2)
  flagship-android/sha16/inline/cold rep 1/50: solve 40 ms (p2v 60 ms, tx 250773 B, cachehits 0, js - ms, wasmC - ms, longtasks 0(0 ms), heap 9.5 MB)
  flagship-android/sha16/inline/cold rep 2/50: solve 58 ms (p2v 77 ms, tx 250771 B, cachehits 0, js - ms, wasmC - ms, longtasks 0(0 ms), heap 9.5 MB)
  flagship-android/sha16/inline/cold rep 3/50: solve 56 ms (p2v 74 ms, tx 250773 B, cachehits 0, js - ms, wasmC - ms, longtasks 0(0 ms), heap 9.5 MB)
  flagship-android/sha16/inline/cold rep 4/50: solve 108 ms (p2v 126 ms, tx 250776 B, cachehits 0, js - ms, wasmC - ms, longtasks 0(0 ms), heap 9.5 MB)
  flagship-android/sha16/inline/cold rep 5/50: solve 91 ms (p2v 111 ms, tx 250774 B, cachehits 0, js - ms, wasmC - ms, longtasks 0(0 ms), heap 9.5 MB)
  flagship-android/sha16/inline/cold rep 6/50: solve 51 ms (p2v 69 ms, tx 250771 B, cachehits 0, js - ms, wasmC - ms, longtasks 0(0 ms), heap 9.5 MB)
  flagship-android/sha16/inline/cold rep 7/50: solve 70 ms (p2v 89 ms, tx 250772 B, cachehits 0, js - ms, wasmC - ms, longtasks 0(0 ms), heap 9.5 MB)
  flagship-android/sha16/inline/cold rep 8/50: solve 32 ms (p2v 50 ms, tx 250773 B, cachehits 0, js - ms, wasmC - ms, longtasks 0(0 ms), heap 9.5 MB)
  flagship-android/sha16/inline/cold rep 9/50: solve 61 ms (p2v 79 ms, tx 250771 B, cachehits 0, js - ms, wasmC - ms, longtasks 0(0 ms), heap 9.5 MB)
  flagship-android/sha16/inline/cold rep 10/50: solve 73 ms (p2v 92 ms, tx 250773 B, cachehits 0, js - ms, wasmC - ms, longtasks 0(0 ms), heap 9.5 MB)
  flagship-android/sha16/inline/cold rep 11/50: solve 33 ms (p2v 51 ms, tx 250771 B, cachehits 0, js - ms, wasmC - ms, longtasks 0(0 ms), heap 9.5 MB)
  flagship-android/sha16/inline/cold rep 12/50: solve 110 ms (p2v 128 ms, tx 250775 B, cachehits 0, js - ms, wasmC - ms, longtasks 0(0 ms), heap 9.5 MB)
  flagship-android/sha16/inline/cold rep 13/50: solve 35 ms (p2v 53 ms, tx 250771 B, cachehits 0, js - ms, wasmC - ms, longtasks 0(0 ms), heap 9.5 MB)
  flagship-android/sha16/inline/cold rep 14/50: solve 81 ms (p2v 100 ms, tx 250772 B, cachehits 0, js - ms, wasmC - ms, longtasks 0(0 ms), heap 9.5 MB)
  flagship-android/sha16/inline/cold rep 15/50: solve 44 ms (p2v 64 ms, tx 250773 B, cachehits 0, js - ms, wasmC - ms, longtasks 0(0 ms), heap 9.5 MB)
  flagship-android/sha16/inline/cold rep 16/50: solve 31 ms (p2v 51 ms, tx 250773 B, cachehits 0, js - ms, wasmC - ms, longtasks 0(0 ms), heap 9.5 MB)
  flagship-android/sha16/inline/cold rep 17/50: solve 26 ms (p2v 48 ms, tx 250778 B, cachehits 0, js - ms, wasmC - ms, longtasks 0(0 ms), heap 9.5 MB)
  flagship-android/sha16/inline/cold rep 18/50: solve 36 ms (p2v 56 ms, tx 250772 B, cachehits 0, js - ms, wasmC - ms, longtasks 0(0 ms), heap 9.5 MB)
  flagship-android/sha16/inline/cold rep 19/50: solve 119 ms (p2v 139 ms, tx 250773 B, cachehits 0, js - ms, wasmC - ms, longtasks 0(0 ms), heap 9.5 MB)
  flagship-android/sha16/inline/cold rep 20/50: solve 41 ms (p2v 63 ms, tx 250771 B, cachehits 0, js - ms, wasmC - ms, longtasks 0(0 ms), heap 9.5 MB)
  flagship-android/sha16/inline/cold rep 21/50: solve 36 ms (p2v 57 ms, tx 250771 B, cachehits 0, js - ms, wasmC - ms, longtasks 0(0 ms), heap 9.5 MB)
  flagship-android/sha16/inline/cold rep 22/50: solve 47 ms (p2v 71 ms, tx 250771 B, cachehits 0, js - ms, wasmC - ms, longtasks 0(0 ms), heap 9.5 MB)
  flagship-android/sha16/inline/cold rep 23/50: solve 68 ms (p2v 94 ms, tx 250771 B, cachehits 0, js - ms, wasmC - ms, longtasks 0(0 ms), heap 9.5 MB)
  flagship-android/sha16/inline/cold rep 24/50: solve 195 ms (p2v 228 ms, tx 250773 B, cachehits 0, js - ms, wasmC - ms, longtasks 0(0 ms), heap 9.5 MB)
  flagship-android/sha16/inline/cold rep 25/50: solve 124 ms (p2v 160 ms, tx 250771 B, cachehits 0, js - ms, wasmC - ms, longtasks 0(0 ms), heap 9.5 MB)
  flagship-android/sha16/inline/cold rep 26/50: solve 94 ms (p2v 125 ms, tx 250772 B, cachehits 0, js - ms, wasmC - ms, longtasks 0(0 ms), heap 9.5 MB)
  flagship-android/sha16/inline/cold rep 27/50: solve 87 ms (p2v 116 ms, tx 250773 B, cachehits 0, js - ms, wasmC - ms, longtasks 0(0 ms), heap 9.5 MB)
  flagship-android/sha16/inline/cold rep 28/50: solve 71 ms (p2v 97 ms, tx 250771 B, cachehits 0, js - ms, wasmC - ms, longtasks 0(0 ms), heap 9.5 MB)
  flagship-android/sha16/inline/cold rep 29/50: solve 168 ms (p2v 190 ms, tx 250772 B, cachehits 0, js - ms, wasmC - ms, longtasks 0(0 ms), heap 9.5 MB)
  flagship-android/sha16/inline/cold rep 30/50: solve 47 ms (p2v 67 ms, tx 250773 B, cachehits 0, js - ms, wasmC - ms, longtasks 0(0 ms), heap 9.5 MB)
  flagship-android/sha16/inline/cold rep 31/50: solve 87 ms (p2v 110 ms, tx 250773 B, cachehits 0, js - ms, wasmC - ms, longtasks 0(0 ms), heap 9.5 MB)
  flagship-android/sha16/inline/cold rep 32/50: solve 99 ms (p2v 120 ms, tx 250771 B, cachehits 0, js - ms, wasmC - ms, longtasks 0(0 ms), heap 9.5 MB)
  flagship-android/sha16/inline/cold rep 33/50: solve 91 ms (p2v 111 ms, tx 250771 B, cachehits 0, js - ms, wasmC - ms, longtasks 0(0 ms), heap 9.5 MB)
  flagship-android/sha16/inline/cold rep 34/50: solve 50 ms (p2v 72 ms, tx 250773 B, cachehits 0, js - ms, wasmC - ms, longtasks 0(0 ms), heap 9.5 MB)
  flagship-android/sha16/inline/cold rep 35/50: solve 76 ms (p2v 102 ms, tx 250772 B, cachehits 0, js - ms, wasmC - ms, longtasks 0(0 ms), heap 9.5 MB)
  flagship-android/sha16/inline/cold rep 36/50: solve 58 ms (p2v 88 ms, tx 250773 B, cachehits 0, js - ms, wasmC - ms, longtasks 0(0 ms), heap 9.5 MB)
  flagship-android/sha16/inline/cold rep 37/50: solve 36 ms (p2v 70 ms, tx 250773 B, cachehits 0, js - ms, wasmC - ms, longtasks 0(0 ms), heap 9.5 MB)
  flagship-android/sha16/inline/cold rep 38/50: solve 192 ms (p2v 224 ms, tx 250773 B, cachehits 0, js - ms, wasmC - ms, longtasks 0(0 ms), heap 9.5 MB)
  flagship-android/sha16/inline/cold rep 39/50: solve 66 ms (p2v 94 ms, tx 250771 B, cachehits 0, js - ms, wasmC - ms, longtasks 0(0 ms), heap 9.5 MB)
  flagship-android/sha16/inline/cold rep 40/50: solve 41 ms (p2v 70 ms, tx 250773 B, cachehits 0, js - ms, wasmC - ms, longtasks 0(0 ms), heap 9.5 MB)
  flagship-android/sha16/inline/cold rep 41/50: solve 40 ms (p2v 65 ms, tx 250771 B, cachehits 0, js - ms, wasmC - ms, longtasks 0(0 ms), heap 9.5 MB)
  flagship-android/sha16/inline/cold rep 42/50: solve 263 ms (p2v 288 ms, tx 250771 B, cachehits 0, js - ms, wasmC - ms, longtasks 0(0 ms), heap 9.5 MB)
  flagship-android/sha16/inline/cold rep 43/50: solve 40 ms (p2v 64 ms, tx 250771 B, cachehits 0, js - ms, wasmC - ms, longtasks 0(0 ms), heap 9.5 MB)
  flagship-android/sha16/inline/cold rep 44/50: solve 68 ms (p2v 89 ms, tx 250771 B, cachehits 0, js - ms, wasmC - ms, longtasks 0(0 ms), heap 9.5 MB)
  flagship-android/sha16/inline/cold rep 45/50: solve 90 ms (p2v 111 ms, tx 250772 B, cachehits 0, js - ms, wasmC - ms, longtasks 0(0 ms), heap 9.5 MB)
  flagship-android/sha16/inline/cold rep 46/50: solve 39 ms (p2v 65 ms, tx 250775 B, cachehits 0, js - ms, wasmC - ms, longtasks 0(0 ms), heap 9.5 MB)
  flagship-android/sha16/inline/cold rep 47/50: solve 224 ms (p2v 256 ms, tx 250774 B, cachehits 0, js - ms, wasmC - ms, longtasks 0(0 ms), heap 9.5 MB)
  flagship-android/sha16/inline/cold rep 48/50: solve 134 ms (p2v 167 ms, tx 250771 B, cachehits 0, js - ms, wasmC - ms, longtasks 0(0 ms), heap 9.5 MB)
  flagship-android/sha16/inline/cold rep 49/50: solve 161 ms (p2v 193 ms, tx 250772 B, cachehits 0, js - ms, wasmC - ms, longtasks 0(0 ms), heap 9.5 MB)
  flagship-android/sha16/inline/cold rep 50/50: solve 46 ms (p2v 78 ms, tx 250774 B, cachehits 0, js - ms, wasmC - ms, longtasks 0(0 ms), heap 9.5 MB)
  flagship-android/sha16/inline/warm pre-warmed the context (rep 0 discarded)

  flagship-android/sha16/inline/warm rep 1/50: solve 55 ms (p2v 80 ms, tx 250771 B, cachehits 0, js - ms, wasmC - ms, longtasks 0(0 ms), heap 9.5 MB)
  flagship-android/sha16/inline/warm rep 2/50: solve 37 ms (p2v 62 ms, tx 250773 B, cachehits 0, js - ms, wasmC - ms, longtasks 0(0 ms), heap 9.5 MB)
  flagship-android/sha16/inline/warm rep 3/50: solve 62 ms (p2v 88 ms, tx 250772 B, cachehits 0, js - ms, wasmC - ms, longtasks 0(0 ms), heap 9.5 MB)
  flagship-android/sha16/inline/warm rep 4/50: solve 45 ms (p2v 70 ms, tx 250771 B, cachehits 0, js - ms, wasmC - ms, longtasks 0(0 ms), heap 9.5 MB)
  flagship-android/sha16/inline/warm rep 5/50: solve 178 ms (p2v 196 ms, tx 250771 B, cachehits 0, js - ms, wasmC - ms, longtasks 0(0 ms), heap 9.5 MB)
  flagship-android/sha16/inline/warm rep 6/50: solve 38 ms (p2v 57 ms, tx 250771 B, cachehits 0, js - ms, wasmC - ms, longtasks 0(0 ms), heap 9.5 MB)
  flagship-android/sha16/inline/warm rep 7/50: solve 80 ms (p2v 100 ms, tx 250772 B, cachehits 0, js - ms, wasmC - ms, longtasks 0(0 ms), heap 9.5 MB)
  flagship-android/sha16/inline/warm rep 8/50: solve 43 ms (p2v 62 ms, tx 250771 B, cachehits 0, js - ms, wasmC - ms, longtasks 0(0 ms), heap 9.5 MB)
  flagship-android/sha16/inline/warm rep 9/50: solve 32 ms (p2v 52 ms, tx 250773 B, cachehits 0, js - ms, wasmC - ms, longtasks 0(0 ms), heap 9.5 MB)
  flagship-android/sha16/inline/warm rep 10/50: solve 81 ms (p2v 101 ms, tx 250772 B, cachehits 0, js - ms, wasmC - ms, longtasks 0(0 ms), heap 9.5 MB)
  flagship-android/sha16/inline/warm rep 11/50: solve 164 ms (p2v 183 ms, tx 250771 B, cachehits 0, js - ms, wasmC - ms, longtasks 0(0 ms), heap 9.5 MB)
  flagship-android/sha16/inline/warm rep 12/50: solve 52 ms (p2v 70 ms, tx 250772 B, cachehits 0, js - ms, wasmC - ms, longtasks 0(0 ms), heap 9.5 MB)
  flagship-android/sha16/inline/warm rep 13/50: solve 155 ms (p2v 174 ms, tx 250776 B, cachehits 0, js - ms, wasmC - ms, longtasks 0(0 ms), heap 9.5 MB)
  flagship-android/sha16/inline/warm rep 14/50: solve 146 ms (p2v 165 ms, tx 250772 B, cachehits 0, js - ms, wasmC - ms, longtasks 0(0 ms), heap 9.5 MB)
  flagship-android/sha16/inline/warm rep 15/50: solve 97 ms (p2v 116 ms, tx 250777 B, cachehits 0, js - ms, wasmC - ms, longtasks 0(0 ms), heap 9.5 MB)
  flagship-android/sha16/inline/warm rep 16/50: solve 82 ms (p2v 100 ms, tx 250772 B, cachehits 0, js - ms, wasmC - ms, longtasks 0(0 ms), heap 9.5 MB)
  flagship-android/sha16/inline/warm rep 17/50: solve 115 ms (p2v 135 ms, tx 250774 B, cachehits 0, js - ms, wasmC - ms, longtasks 0(0 ms), heap 9.5 MB)
  flagship-android/sha16/inline/warm rep 18/50: solve 30 ms (p2v 51 ms, tx 250772 B, cachehits 0, js - ms, wasmC - ms, longtasks 0(0 ms), heap 9.5 MB)
  flagship-android/sha16/inline/warm rep 19/50: solve 88 ms (p2v 110 ms, tx 250772 B, cachehits 0, js - ms, wasmC - ms, longtasks 0(0 ms), heap 9.5 MB)
  flagship-android/sha16/inline/warm rep 20/50: solve 65 ms (p2v 89 ms, tx 250772 B, cachehits 0, js - ms, wasmC - ms, longtasks 0(0 ms), heap 9.5 MB)
  flagship-android/sha16/inline/warm rep 21/50: solve 25 ms (p2v 44 ms, tx 250771 B, cachehits 0, js - ms, wasmC - ms, longtasks 0(0 ms), heap 9.5 MB)
  flagship-android/sha16/inline/warm rep 22/50: solve 40 ms (p2v 58 ms, tx 250771 B, cachehits 0, js - ms, wasmC - ms, longtasks 0(0 ms), heap 9.5 MB)
  flagship-android/sha16/inline/warm rep 23/50: solve 37 ms (p2v 54 ms, tx 250772 B, cachehits 0, js - ms, wasmC - ms, longtasks 0(0 ms), heap 9.5 MB)
  flagship-android/sha16/inline/warm rep 24/50: solve 36 ms (p2v 54 ms, tx 250773 B, cachehits 0, js - ms, wasmC - ms, longtasks 0(0 ms), heap 9.5 MB)
  flagship-android/sha16/inline/warm rep 25/50: solve 29 ms (p2v 49 ms, tx 250771 B, cachehits 0, js - ms, wasmC - ms, longtasks 0(0 ms), heap 9.5 MB)
  flagship-android/sha16/inline/warm rep 26/50: solve 62 ms (p2v 80 ms, tx 250772 B, cachehits 0, js - ms, wasmC - ms, longtasks 0(0 ms), heap 9.5 MB)
  flagship-android/sha16/inline/warm rep 27/50: solve 53 ms (p2v 71 ms, tx 250771 B, cachehits 0, js - ms, wasmC - ms, longtasks 0(0 ms), heap 9.5 MB)
  flagship-android/sha16/inline/warm rep 28/50: solve 34 ms (p2v 53 ms, tx 250773 B, cachehits 0, js - ms, wasmC - ms, longtasks 0(0 ms), heap 9.5 MB)
  flagship-android/sha16/inline/warm rep 29/50: solve 60 ms (p2v 80 ms, tx 250772 B, cachehits 0, js - ms, wasmC - ms, longtasks 0(0 ms), heap 9.5 MB)
  flagship-android/sha16/inline/warm rep 30/50: solve 28 ms (p2v 49 ms, tx 250773 B, cachehits 0, js - ms, wasmC - ms, longtasks 0(0 ms), heap 9.5 MB)
  flagship-android/sha16/inline/warm rep 31/50: solve 37 ms (p2v 54 ms, tx 250771 B, cachehits 0, js - ms, wasmC - ms, longtasks 0(0 ms), heap 9.5 MB)
  flagship-android/sha16/inline/warm rep 32/50: solve 72 ms (p2v 89 ms, tx 250771 B, cachehits 0, js - ms, wasmC - ms, longtasks 0(0 ms), heap 9.5 MB)
  flagship-android/sha16/inline/warm rep 33/50: solve 71 ms (p2v 89 ms, tx 250774 B, cachehits 0, js - ms, wasmC - ms, longtasks 0(0 ms), heap 9.5 MB)
  flagship-android/sha16/inline/warm rep 34/50: solve 245 ms (p2v 264 ms, tx 250771 B, cachehits 0, js - ms, wasmC - ms, longtasks 0(0 ms), heap 9.5 MB)
  flagship-android/sha16/inline/warm rep 35/50: solve 27 ms (p2v 47 ms, tx 250772 B, cachehits 0, js - ms, wasmC - ms, longtasks 0(0 ms), heap 9.5 MB)
  flagship-android/sha16/inline/warm rep 36/50: solve 33 ms (p2v 51 ms, tx 250771 B, cachehits 0, js - ms, wasmC - ms, longtasks 0(0 ms), heap 9.5 MB)
  flagship-android/sha16/inline/warm rep 37/50: solve 61 ms (p2v 79 ms, tx 250771 B, cachehits 0, js - ms, wasmC - ms, longtasks 0(0 ms), heap 9.5 MB)
  flagship-android/sha16/inline/warm rep 38/50: solve 48 ms (p2v 67 ms, tx 250772 B, cachehits 0, js - ms, wasmC - ms, longtasks 0(0 ms), heap 9.5 MB)
  flagship-android/sha16/inline/warm rep 39/50: solve 76 ms (p2v 95 ms, tx 250771 B, cachehits 0, js - ms, wasmC - ms, longtasks 0(0 ms), heap 9.5 MB)
  flagship-android/sha16/inline/warm rep 40/50: solve 103 ms (p2v 121 ms, tx 250775 B, cachehits 0, js - ms, wasmC - ms, longtasks 0(0 ms), heap 9.5 MB)
  flagship-android/sha16/inline/warm rep 41/50: solve 91 ms (p2v 109 ms, tx 250773 B, cachehits 0, js - ms, wasmC - ms, longtasks 0(0 ms), heap 9.5 MB)
  flagship-android/sha16/inline/warm rep 42/50: solve 45 ms (p2v 63 ms, tx 250771 B, cachehits 0, js - ms, wasmC - ms, longtasks 0(0 ms), heap 9.5 MB)
  flagship-android/sha16/inline/warm rep 43/50: solve 36 ms (p2v 54 ms, tx 250772 B, cachehits 0, js - ms, wasmC - ms, longtasks 0(0 ms), heap 9.5 MB)
  flagship-android/sha16/inline/warm rep 44/50: solve 73 ms (p2v 94 ms, tx 250771 B, cachehits 0, js - ms, wasmC - ms, longtasks 0(0 ms), heap 9.5 MB)
  flagship-android/sha16/inline/warm rep 45/50: solve 82 ms (p2v 104 ms, tx 250771 B, cachehits 0, js - ms, wasmC - ms, longtasks 0(0 ms), heap 9.5 MB)
  flagship-android/sha16/inline/warm rep 46/50: solve 36 ms (p2v 57 ms, tx 250774 B, cachehits 0, js - ms, wasmC - ms, longtasks 0(0 ms), heap 9.5 MB)
  flagship-android/sha16/inline/warm rep 47/50: solve 42 ms (p2v 63 ms, tx 250772 B, cachehits 0, js - ms, wasmC - ms, longtasks 0(0 ms), heap 9.5 MB)
  flagship-android/sha16/inline/warm rep 48/50: solve 49 ms (p2v 69 ms, tx 250777 B, cachehits 0, js - ms, wasmC - ms, longtasks 0(0 ms), heap 9.5 MB)
  flagship-android/sha16/inline/warm rep 49/50: solve 50 ms (p2v 69 ms, tx 250771 B, cachehits 0, js - ms, wasmC - ms, longtasks 0(0 ms), heap 9.5 MB)
  flagship-android/sha16/inline/warm rep 50/50: solve 57 ms (p2v 77 ms, tx 250771 B, cachehits 0, js - ms, wasmC - ms, longtasks 0(0 ms), heap 9.5 MB)
  repeat navigation flagship-android/sha16/inline/warm: p2v 52 ms, tx 250771 B, cachehits 0, load 21 ms
  flagship-android/sha18/inline/cold rep 1/50: solve 43 ms (p2v 64 ms, tx 250772 B, cachehits 0, js - ms, wasmC - ms, longtasks 0(0 ms), heap 9.5 MB)
  flagship-android/sha18/inline/cold rep 2/50: solve 79 ms (p2v 101 ms, tx 250773 B, cachehits 0, js - ms, wasmC - ms, longtasks 0(0 ms), heap 9.5 MB)
  flagship-android/sha18/inline/cold rep 3/50: solve 91 ms (p2v 113 ms, tx 250772 B, cachehits 0, js - ms, wasmC - ms, longtasks 0(0 ms), heap 9.5 MB)
  flagship-android/sha18/inline/cold rep 4/50: solve 213 ms (p2v 235 ms, tx 250772 B, cachehits 0, js - ms, wasmC - ms, longtasks 0(0 ms), heap 9.5 MB)
  flagship-android/sha18/inline/cold rep 5/50: solve 33 ms (p2v 53 ms, tx 250773 B, cachehits 0, js - ms, wasmC - ms, longtasks 0(0 ms), heap 9.5 MB)
  flagship-android/sha18/inline/cold rep 6/50: solve 148 ms (p2v 166 ms, tx 250772 B, cachehits 0, js - ms, wasmC - ms, longtasks 0(0 ms), heap 9.5 MB)
  flagship-android/sha18/inline/cold rep 7/50: solve 247 ms (p2v 267 ms, tx 250775 B, cachehits 0, js - ms, wasmC - ms, longtasks 0(0 ms), heap 9.5 MB)
  flagship-android/sha18/inline/cold rep 8/50: solve 244 ms (p2v 265 ms, tx 250775 B, cachehits 0, js - ms, wasmC - ms, longtasks 0(0 ms), heap 9.5 MB)
  flagship-android/sha18/inline/cold rep 9/50: solve 237 ms (p2v 263 ms, tx 250773 B, cachehits 0, js - ms, wasmC - ms, longtasks 0(0 ms), heap 9.5 MB)
  flagship-android/sha18/inline/cold rep 10/50: solve 128 ms (p2v 153 ms, tx 250771 B, cachehits 0, js - ms, wasmC - ms, longtasks 0(0 ms), heap 9.5 MB)
  flagship-android/sha18/inline/cold rep 11/50: solve 198 ms (p2v 222 ms, tx 250773 B, cachehits 0, js - ms, wasmC - ms, longtasks 0(0 ms), heap 9.5 MB)
  flagship-android/sha18/inline/cold rep 12/50: solve 155 ms (p2v 176 ms, tx 250771 B, cachehits 0, js - ms, wasmC - ms, longtasks 0(0 ms), heap 9.5 MB)
  flagship-android/sha18/inline/cold rep 13/50: solve 281 ms (p2v 304 ms, tx 250772 B, cachehits 0, js - ms, wasmC - ms, longtasks 0(0 ms), heap 9.5 MB)
  flagship-android/sha18/inline/cold rep 14/50: solve 408 ms (p2v 433 ms, tx 250773 B, cachehits 0, js - ms, wasmC - ms, longtasks 0(0 ms), heap 9.5 MB)
  flagship-android/sha18/inline/cold rep 15/50: solve 172 ms (p2v 194 ms, tx 250772 B, cachehits 0, js - ms, wasmC - ms, longtasks 0(0 ms), heap 9.5 MB)
  flagship-android/sha18/inline/cold rep 16/50: solve 120 ms (p2v 141 ms, tx 250772 B, cachehits 0, js - ms, wasmC - ms, longtasks 0(0 ms), heap 9.5 MB)
  flagship-android/sha18/inline/cold rep 17/50: solve 339 ms (p2v 363 ms, tx 250773 B, cachehits 0, js - ms, wasmC - ms, longtasks 0(0 ms), heap 9.5 MB)
  flagship-android/sha18/inline/cold rep 18/50: solve 79 ms (p2v 106 ms, tx 250772 B, cachehits 0, js - ms, wasmC - ms, longtasks 0(0 ms), heap 9.5 MB)
  flagship-android/sha18/inline/cold rep 19/50: solve 128 ms (p2v 162 ms, tx 250773 B, cachehits 0, js - ms, wasmC - ms, longtasks 0(0 ms), heap 9.5 MB)
  flagship-android/sha18/inline/cold rep 20/50: solve 1154 ms (p2v 1188 ms, tx 250772 B, cachehits 0, js - ms, wasmC - ms, longtasks 0(0 ms), heap 9.5 MB)
  flagship-android/sha18/inline/cold rep 21/50: solve 228 ms (p2v 256 ms, tx 250772 B, cachehits 0, js - ms, wasmC - ms, longtasks 0(0 ms), heap 9.5 MB)
  flagship-android/sha18/inline/cold rep 22/50: solve 109 ms (p2v 134 ms, tx 250773 B, cachehits 0, js - ms, wasmC - ms, longtasks 0(0 ms), heap 9.5 MB)
  flagship-android/sha18/inline/cold rep 23/50: solve 339 ms (p2v 360 ms, tx 250775 B, cachehits 0, js - ms, wasmC - ms, longtasks 0(0 ms), heap 9.5 MB)
  flagship-android/sha18/inline/cold rep 24/50: solve 77 ms (p2v 99 ms, tx 250771 B, cachehits 0, js - ms, wasmC - ms, longtasks 0(0 ms), heap 9.5 MB)
  flagship-android/sha18/inline/cold rep 25/50: solve 124 ms (p2v 147 ms, tx 250772 B, cachehits 0, js - ms, wasmC - ms, longtasks 0(0 ms), heap 9.5 MB)
  flagship-android/sha18/inline/cold rep 26/50: solve 51 ms (p2v 72 ms, tx 250771 B, cachehits 0, js - ms, wasmC - ms, longtasks 0(0 ms), heap 9.5 MB)
  flagship-android/sha18/inline/cold rep 27/50: solve 692 ms (p2v 716 ms, tx 250771 B, cachehits 0, js - ms, wasmC - ms, longtasks 0(0 ms), heap 9.5 MB)
  flagship-android/sha18/inline/cold rep 28/50: solve 181 ms (p2v 212 ms, tx 250771 B, cachehits 0, js - ms, wasmC - ms, longtasks 0(0 ms), heap 9.5 MB)
  flagship-android/sha18/inline/cold rep 29/50: solve 323 ms (p2v 360 ms, tx 250773 B, cachehits 0, js - ms, wasmC - ms, longtasks 0(0 ms), heap 9.5 MB)
  flagship-android/sha18/inline/cold rep 30/50: solve 331 ms (p2v 361 ms, tx 250771 B, cachehits 0, js - ms, wasmC - ms, longtasks 0(0 ms), heap 9.5 MB)
  flagship-android/sha18/inline/cold rep 31/50: solve 176 ms (p2v 202 ms, tx 250775 B, cachehits 0, js - ms, wasmC - ms, longtasks 0(0 ms), heap 9.5 MB)
  flagship-android/sha18/inline/cold rep 32/50: solve 288 ms (p2v 315 ms, tx 250771 B, cachehits 0, js - ms, wasmC - ms, longtasks 0(0 ms), heap 9.5 MB)
  flagship-android/sha18/inline/cold rep 33/50: solve 226 ms (p2v 257 ms, tx 250772 B, cachehits 0, js - ms, wasmC - ms, longtasks 0(0 ms), heap 9.5 MB)
  flagship-android/sha18/inline/cold rep 34/50: solve 692 ms (p2v 718 ms, tx 250772 B, cachehits 0, js - ms, wasmC - ms, longtasks 0(0 ms), heap 9.5 MB)
  flagship-android/sha18/inline/cold rep 35/50: solve 128 ms (p2v 153 ms, tx 250772 B, cachehits 0, js - ms, wasmC - ms, longtasks 0(0 ms), heap 9.5 MB)
  flagship-android/sha18/inline/cold rep 36/50: solve 267 ms (p2v 289 ms, tx 250772 B, cachehits 0, js - ms, wasmC - ms, longtasks 0(0 ms), heap 9.5 MB)
  flagship-android/sha18/inline/cold rep 37/50: solve 140 ms (p2v 168 ms, tx 250772 B, cachehits 0, js - ms, wasmC - ms, longtasks 0(0 ms), heap 9.5 MB)
  flagship-android/sha18/inline/cold rep 38/50: solve 230 ms (p2v 260 ms, tx 250772 B, cachehits 0, js - ms, wasmC - ms, longtasks 0(0 ms), heap 9.5 MB)
  flagship-android/sha18/inline/cold rep 39/50: solve 372 ms (p2v 406 ms, tx 250771 B, cachehits 0, js - ms, wasmC - ms, longtasks 0(0 ms), heap 9.5 MB)
  flagship-android/sha18/inline/cold rep 40/50: solve 364 ms (p2v 390 ms, tx 250772 B, cachehits 0, js - ms, wasmC - ms, longtasks 0(0 ms), heap 9.5 MB)
  flagship-android/sha18/inline/cold rep 41/50: solve 224 ms (p2v 251 ms, tx 250772 B, cachehits 0, js - ms, wasmC - ms, longtasks 0(0 ms), heap 9.5 MB)
  flagship-android/sha18/inline/cold rep 42/50: solve 1001 ms (p2v 1026 ms, tx 250771 B, cachehits 0, js - ms, wasmC - ms, longtasks 0(0 ms), heap 9.5 MB)
  flagship-android/sha18/inline/cold rep 43/50: solve 291 ms (p2v 308 ms, tx 250772 B, cachehits 0, js - ms, wasmC - ms, longtasks 0(0 ms), heap 9.5 MB)
  flagship-android/sha18/inline/cold rep 44/50: solve 103 ms (p2v 132 ms, tx 250771 B, cachehits 0, js - ms, wasmC - ms, longtasks 0(0 ms), heap 9.5 MB)
  flagship-android/sha18/inline/cold rep 45/50: solve 355 ms (p2v 382 ms, tx 250773 B, cachehits 0, js - ms, wasmC - ms, longtasks 0(0 ms), heap 9.5 MB)
  flagship-android/sha18/inline/cold rep 46/50: solve 260 ms (p2v 279 ms, tx 250772 B, cachehits 0, js - ms, wasmC - ms, longtasks 0(0 ms), heap 9.5 MB)
  flagship-android/sha18/inline/cold rep 47/50: solve 110 ms (p2v 129 ms, tx 250775 B, cachehits 0, js - ms, wasmC - ms, longtasks 0(0 ms), heap 9.5 MB)
  flagship-android/sha18/inline/cold rep 48/50: solve 59 ms (p2v 78 ms, tx 250771 B, cachehits 0, js - ms, wasmC - ms, longtasks 0(0 ms), heap 9.5 MB)
  flagship-android/sha18/inline/cold rep 49/50: solve 58 ms (p2v 77 ms, tx 250773 B, cachehits 0, js - ms, wasmC - ms, longtasks 0(0 ms), heap 9.5 MB)
  flagship-android/sha18/inline/cold rep 50/50: solve 144 ms (p2v 162 ms, tx 250771 B, cachehits 0, js - ms, wasmC - ms, longtasks 0(0 ms), heap 9.5 MB)
  flagship-android/sha18/inline/warm pre-warmed the context (rep 0 discarded)

  flagship-android/sha18/inline/warm rep 1/50: solve 107 ms (p2v 123 ms, tx 250773 B, cachehits 0, js - ms, wasmC - ms, longtasks 0(0 ms), heap 9.5 MB)
  flagship-android/sha18/inline/warm rep 2/50: solve 54 ms (p2v 71 ms, tx 250772 B, cachehits 0, js - ms, wasmC - ms, longtasks 0(0 ms), heap 9.5 MB)
  flagship-android/sha18/inline/warm rep 3/50: solve 212 ms (p2v 229 ms, tx 250772 B, cachehits 0, js - ms, wasmC - ms, longtasks 0(0 ms), heap 9.5 MB)
  flagship-android/sha18/inline/warm rep 4/50: solve 65 ms (p2v 81 ms, tx 250775 B, cachehits 0, js - ms, wasmC - ms, longtasks 0(0 ms), heap 9.5 MB)
  flagship-android/sha18/inline/warm rep 5/50: solve 75 ms (p2v 93 ms, tx 250771 B, cachehits 0, js - ms, wasmC - ms, longtasks 0(0 ms), heap 9.5 MB)
  flagship-android/sha18/inline/warm rep 6/50: solve 208 ms (p2v 225 ms, tx 250772 B, cachehits 0, js - ms, wasmC - ms, longtasks 0(0 ms), heap 9.5 MB)
  flagship-android/sha18/inline/warm rep 7/50: solve 379 ms (p2v 396 ms, tx 250771 B, cachehits 0, js - ms, wasmC - ms, longtasks 0(0 ms), heap 9.5 MB)
  flagship-android/sha18/inline/warm rep 8/50: solve 58 ms (p2v 76 ms, tx 250775 B, cachehits 0, js - ms, wasmC - ms, longtasks 0(0 ms), heap 9.5 MB)
  flagship-android/sha18/inline/warm rep 9/50: solve 102 ms (p2v 119 ms, tx 250776 B, cachehits 0, js - ms, wasmC - ms, longtasks 0(0 ms), heap 9.5 MB)
  flagship-android/sha18/inline/warm rep 10/50: solve 343 ms (p2v 360 ms, tx 250772 B, cachehits 0, js - ms, wasmC - ms, longtasks 0(0 ms), heap 9.5 MB)
  flagship-android/sha18/inline/warm rep 11/50: solve 86 ms (p2v 103 ms, tx 250773 B, cachehits 0, js - ms, wasmC - ms, longtasks 0(0 ms), heap 9.5 MB)
  flagship-android/sha18/inline/warm rep 12/50: solve 190 ms (p2v 209 ms, tx 250771 B, cachehits 0, js - ms, wasmC - ms, longtasks 0(0 ms), heap 9.5 MB)
  flagship-android/sha18/inline/warm rep 13/50: solve 215 ms (p2v 233 ms, tx 250772 B, cachehits 0, js - ms, wasmC - ms, longtasks 0(0 ms), heap 9.5 MB)
  flagship-android/sha18/inline/warm rep 14/50: solve 100 ms (p2v 118 ms, tx 250772 B, cachehits 0, js - ms, wasmC - ms, longtasks 0(0 ms), heap 9.5 MB)
  flagship-android/sha18/inline/warm rep 15/50: solve 211 ms (p2v 229 ms, tx 250774 B, cachehits 0, js - ms, wasmC - ms, longtasks 0(0 ms), heap 9.5 MB)
  flagship-android/sha18/inline/warm rep 16/50: solve 187 ms (p2v 206 ms, tx 250771 B, cachehits 0, js - ms, wasmC - ms, longtasks 0(0 ms), heap 9.5 MB)
  flagship-android/sha18/inline/warm rep 17/50: solve 329 ms (p2v 347 ms, tx 250771 B, cachehits 0, js - ms, wasmC - ms, longtasks 0(0 ms), heap 9.5 MB)
  flagship-android/sha18/inline/warm rep 18/50: solve 234 ms (p2v 251 ms, tx 250774 B, cachehits 0, js - ms, wasmC - ms, longtasks 0(0 ms), heap 9.5 MB)
  flagship-android/sha18/inline/warm rep 19/50: solve 231 ms (p2v 248 ms, tx 250773 B, cachehits 0, js - ms, wasmC - ms, longtasks 0(0 ms), heap 9.5 MB)
  flagship-android/sha18/inline/warm rep 20/50: solve 60 ms (p2v 77 ms, tx 250773 B, cachehits 0, js - ms, wasmC - ms, longtasks 0(0 ms), heap 9.5 MB)
  flagship-android/sha18/inline/warm rep 21/50: solve 437 ms (p2v 454 ms, tx 250771 B, cachehits 0, js - ms, wasmC - ms, longtasks 0(0 ms), heap 9.5 MB)
  flagship-android/sha18/inline/warm rep 22/50: solve 56 ms (p2v 74 ms, tx 250771 B, cachehits 0, js - ms, wasmC - ms, longtasks 0(0 ms), heap 9.5 MB)
  flagship-android/sha18/inline/warm rep 23/50: solve 215 ms (p2v 233 ms, tx 250772 B, cachehits 0, js - ms, wasmC - ms, longtasks 0(0 ms), heap 9.5 MB)
  flagship-android/sha18/inline/warm rep 24/50: solve 112 ms (p2v 131 ms, tx 250771 B, cachehits 0, js - ms, wasmC - ms, longtasks 0(0 ms), heap 9.5 MB)
  flagship-android/sha18/inline/warm rep 25/50: solve 104 ms (p2v 123 ms, tx 250773 B, cachehits 0, js - ms, wasmC - ms, longtasks 0(0 ms), heap 9.5 MB)
  flagship-android/sha18/inline/warm rep 26/50: solve 60 ms (p2v 79 ms, tx 250771 B, cachehits 0, js - ms, wasmC - ms, longtasks 0(0 ms), heap 9.5 MB)
  flagship-android/sha18/inline/warm rep 27/50: solve 326 ms (p2v 343 ms, tx 250771 B, cachehits 0, js - ms, wasmC - ms, longtasks 0(0 ms), heap 9.5 MB)
  flagship-android/sha18/inline/warm rep 28/50: solve 197 ms (p2v 215 ms, tx 250771 B, cachehits 0, js - ms, wasmC - ms, longtasks 0(0 ms), heap 9.5 MB)
  flagship-android/sha18/inline/warm rep 29/50: solve 295 ms (p2v 313 ms, tx 250771 B, cachehits 0, js - ms, wasmC - ms, longtasks 0(0 ms), heap 9.5 MB)
  flagship-android/sha18/inline/warm rep 30/50: solve 174 ms (p2v 194 ms, tx 250780 B, cachehits 0, js - ms, wasmC - ms, longtasks 0(0 ms), heap 9.5 MB)
  flagship-android/sha18/inline/warm rep 31/50: solve 46 ms (p2v 66 ms, tx 250771 B, cachehits 0, js - ms, wasmC - ms, longtasks 0(0 ms), heap 9.5 MB)
  flagship-android/sha18/inline/warm rep 32/50: solve 265 ms (p2v 284 ms, tx 250771 B, cachehits 0, js - ms, wasmC - ms, longtasks 0(0 ms), heap 9.5 MB)
  flagship-android/sha18/inline/warm rep 33/50: solve 180 ms (p2v 199 ms, tx 250775 B, cachehits 0, js - ms, wasmC - ms, longtasks 0(0 ms), heap 9.5 MB)
  flagship-android/sha18/inline/warm rep 34/50: solve 50 ms (p2v 68 ms, tx 250774 B, cachehits 0, js - ms, wasmC - ms, longtasks 0(0 ms), heap 9.5 MB)
  flagship-android/sha18/inline/warm rep 35/50: solve 583 ms (p2v 600 ms, tx 250773 B, cachehits 0, js - ms, wasmC - ms, longtasks 0(0 ms), heap 9.5 MB)
  flagship-android/sha18/inline/warm rep 36/50: solve 27 ms (p2v 45 ms, tx 250771 B, cachehits 0, js - ms, wasmC - ms, longtasks 0(0 ms), heap 9.5 MB)
  flagship-android/sha18/inline/warm rep 37/50: solve 60 ms (p2v 78 ms, tx 250772 B, cachehits 0, js - ms, wasmC - ms, longtasks 0(0 ms), heap 9.5 MB)
  flagship-android/sha18/inline/warm rep 38/50: solve 180 ms (p2v 199 ms, tx 250771 B, cachehits 0, js - ms, wasmC - ms, longtasks 0(0 ms), heap 9.5 MB)
  flagship-android/sha18/inline/warm rep 39/50: solve 167 ms (p2v 188 ms, tx 250773 B, cachehits 0, js - ms, wasmC - ms, longtasks 0(0 ms), heap 9.5 MB)
  flagship-android/sha18/inline/warm rep 40/50: solve 104 ms (p2v 121 ms, tx 250773 B, cachehits 0, js - ms, wasmC - ms, longtasks 0(0 ms), heap 9.5 MB)
  flagship-android/sha18/inline/warm rep 41/50: solve 59 ms (p2v 77 ms, tx 250771 B, cachehits 0, js - ms, wasmC - ms, longtasks 0(0 ms), heap 9.5 MB)
  flagship-android/sha18/inline/warm rep 42/50: solve 41 ms (p2v 58 ms, tx 250774 B, cachehits 0, js - ms, wasmC - ms, longtasks 0(0 ms), heap 9.5 MB)
  flagship-android/sha18/inline/warm rep 43/50: solve 88 ms (p2v 106 ms, tx 250776 B, cachehits 0, js - ms, wasmC - ms, longtasks 0(0 ms), heap 9.5 MB)
  flagship-android/sha18/inline/warm rep 44/50: solve 728 ms (p2v 745 ms, tx 250772 B, cachehits 0, js - ms, wasmC - ms, longtasks 0(0 ms), heap 9.5 MB)
  flagship-android/sha18/inline/warm rep 45/50: solve 52 ms (p2v 71 ms, tx 250774 B, cachehits 0, js - ms, wasmC - ms, longtasks 0(0 ms), heap 9.5 MB)
  flagship-android/sha18/inline/warm rep 46/50: solve 72 ms (p2v 90 ms, tx 250771 B, cachehits 0, js - ms, wasmC - ms, longtasks 0(0 ms), heap 9.5 MB)
  flagship-android/sha18/inline/warm rep 47/50: solve 346 ms (p2v 366 ms, tx 250771 B, cachehits 0, js - ms, wasmC - ms, longtasks 0(0 ms), heap 9.5 MB)
  flagship-android/sha18/inline/warm rep 48/50: solve 441 ms (p2v 459 ms, tx 250772 B, cachehits 0, js - ms, wasmC - ms, longtasks 0(0 ms), heap 9.5 MB)
  flagship-android/sha18/inline/warm rep 49/50: solve 132 ms (p2v 152 ms, tx 250772 B, cachehits 0, js - ms, wasmC - ms, longtasks 0(0 ms), heap 9.5 MB)
  flagship-android/sha18/inline/warm rep 50/50: solve 52 ms (p2v 69 ms, tx 250773 B, cachehits 0, js - ms, wasmC - ms, longtasks 0(0 ms), heap 9.5 MB)
  repeat navigation flagship-android/sha18/inline/warm: p2v 41 ms, tx 250772 B, cachehits 0, load 19 ms
  flagship-android/sha20/inline/cold rep 1/50: solve 278 ms (p2v 297 ms, tx 250773 B, cachehits 0, js - ms, wasmC - ms, longtasks 0(0 ms), heap 9.5 MB)
  flagship-android/sha20/inline/cold rep 2/50: solve 1419 ms (p2v 1437 ms, tx 250773 B, cachehits 0, js - ms, wasmC - ms, longtasks 0(0 ms), heap 9.5 MB)
  flagship-android/sha20/inline/cold rep 3/50: solve 311 ms (p2v 328 ms, tx 250775 B, cachehits 0, js - ms, wasmC - ms, longtasks 0(0 ms), heap 9.5 MB)
  flagship-android/sha20/inline/cold rep 4/50: solve 88 ms (p2v 105 ms, tx 250772 B, cachehits 0, js - ms, wasmC - ms, longtasks 0(0 ms), heap 9.5 MB)
  flagship-android/sha20/inline/cold rep 5/50: solve 825 ms (p2v 844 ms, tx 250771 B, cachehits 0, js - ms, wasmC - ms, longtasks 0(0 ms), heap 9.5 MB)
  flagship-android/sha20/inline/cold rep 6/50: solve 244 ms (p2v 264 ms, tx 250771 B, cachehits 0, js - ms, wasmC - ms, longtasks 0(0 ms), heap 9.5 MB)
  flagship-android/sha20/inline/cold rep 7/50: solve 66 ms (p2v 85 ms, tx 250771 B, cachehits 0, js - ms, wasmC - ms, longtasks 0(0 ms), heap 9.5 MB)
  flagship-android/sha20/inline/cold rep 8/50: solve 303 ms (p2v 320 ms, tx 250771 B, cachehits 0, js - ms, wasmC - ms, longtasks 0(0 ms), heap 9.5 MB)
  flagship-android/sha20/inline/cold rep 9/50: solve 33 ms (p2v 50 ms, tx 250773 B, cachehits 0, js - ms, wasmC - ms, longtasks 0(0 ms), heap 9.5 MB)
  flagship-android/sha20/inline/cold rep 10/50: solve 609 ms (p2v 627 ms, tx 250773 B, cachehits 0, js - ms, wasmC - ms, longtasks 0(0 ms), heap 9.5 MB)
  flagship-android/sha20/inline/cold rep 11/50: solve 176 ms (p2v 193 ms, tx 250774 B, cachehits 0, js - ms, wasmC - ms, longtasks 0(0 ms), heap 9.5 MB)
  flagship-android/sha20/inline/cold rep 12/50: solve 37 ms (p2v 54 ms, tx 250771 B, cachehits 0, js - ms, wasmC - ms, longtasks 0(0 ms), heap 9.5 MB)
  flagship-android/sha20/inline/cold rep 13/50: solve 64 ms (p2v 82 ms, tx 250775 B, cachehits 0, js - ms, wasmC - ms, longtasks 0(0 ms), heap 9.5 MB)
  flagship-android/sha20/inline/cold rep 14/50: solve 464 ms (p2v 483 ms, tx 250772 B, cachehits 0, js - ms, wasmC - ms, longtasks 0(0 ms), heap 9.5 MB)
  flagship-android/sha20/inline/cold rep 15/50: solve 316 ms (p2v 333 ms, tx 250773 B, cachehits 0, js - ms, wasmC - ms, longtasks 0(0 ms), heap 9.5 MB)
  flagship-android/sha20/inline/cold rep 16/50: solve 363 ms (p2v 383 ms, tx 250772 B, cachehits 0, js - ms, wasmC - ms, longtasks 0(0 ms), heap 9.5 MB)
  flagship-android/sha20/inline/cold rep 17/50: solve 1160 ms (p2v 1178 ms, tx 250775 B, cachehits 0, js - ms, wasmC - ms, longtasks 0(0 ms), heap 9.5 MB)
  flagship-android/sha20/inline/cold rep 18/50: solve 1021 ms (p2v 1041 ms, tx 250772 B, cachehits 0, js - ms, wasmC - ms, longtasks 0(0 ms), heap 9.5 MB)
  flagship-android/sha20/inline/cold rep 19/50: solve 155 ms (p2v 175 ms, tx 250772 B, cachehits 0, js - ms, wasmC - ms, longtasks 0(0 ms), heap 9.5 MB)
  flagship-android/sha20/inline/cold rep 20/50: solve 588 ms (p2v 610 ms, tx 250773 B, cachehits 0, js - ms, wasmC - ms, longtasks 0(0 ms), heap 9.5 MB)
  flagship-android/sha20/inline/cold rep 21/50: solve 715 ms (p2v 742 ms, tx 250774 B, cachehits 0, js - ms, wasmC - ms, longtasks 0(0 ms), heap 9.5 MB)
  flagship-android/sha20/inline/cold rep 22/50: solve 155 ms (p2v 178 ms, tx 250771 B, cachehits 0, js - ms, wasmC - ms, longtasks 0(0 ms), heap 9.5 MB)
  flagship-android/sha20/inline/cold rep 23/50: solve 511 ms (p2v 531 ms, tx 250771 B, cachehits 0, js - ms, wasmC - ms, longtasks 0(0 ms), heap 9.5 MB)
  flagship-android/sha20/inline/cold rep 24/50: solve 477 ms (p2v 498 ms, tx 250771 B, cachehits 0, js - ms, wasmC - ms, longtasks 0(0 ms), heap 9.5 MB)
  flagship-android/sha20/inline/cold rep 25/50: solve 234 ms (p2v 255 ms, tx 250771 B, cachehits 0, js - ms, wasmC - ms, longtasks 0(0 ms), heap 9.5 MB)
  flagship-android/sha20/inline/cold rep 26/50: solve 274 ms (p2v 296 ms, tx 250772 B, cachehits 0, js - ms, wasmC - ms, longtasks 0(0 ms), heap 9.5 MB)
  flagship-android/sha20/inline/cold rep 27/50: solve 50 ms (p2v 69 ms, tx 250771 B, cachehits 0, js - ms, wasmC - ms, longtasks 0(0 ms), heap 9.5 MB)
  flagship-android/sha20/inline/cold rep 28/50: solve 560 ms (p2v 580 ms, tx 250774 B, cachehits 0, js - ms, wasmC - ms, longtasks 0(0 ms), heap 9.5 MB)
  flagship-android/sha20/inline/cold rep 29/50: solve 897 ms (p2v 916 ms, tx 250771 B, cachehits 0, js - ms, wasmC - ms, longtasks 0(0 ms), heap 9.5 MB)
  flagship-android/sha20/inline/cold rep 30/50: solve 958 ms (p2v 977 ms, tx 250771 B, cachehits 0, js - ms, wasmC - ms, longtasks 0(0 ms), heap 9.5 MB)
  flagship-android/sha20/inline/cold rep 31/50: solve 1116 ms (p2v 1143 ms, tx 250772 B, cachehits 0, js - ms, wasmC - ms, longtasks 0(0 ms), heap 9.5 MB)
  flagship-android/sha20/inline/cold rep 32/50: solve 1092 ms (p2v 1115 ms, tx 250776 B, cachehits 0, js - ms, wasmC - ms, longtasks 0(0 ms), heap 9.5 MB)
  flagship-android/sha20/inline/cold rep 33/50: solve 825 ms (p2v 853 ms, tx 250771 B, cachehits 0, js - ms, wasmC - ms, longtasks 0(0 ms), heap 9.5 MB)
  flagship-android/sha20/inline/cold rep 34/50: solve 206 ms (p2v 235 ms, tx 250771 B, cachehits 0, js - ms, wasmC - ms, longtasks 0(0 ms), heap 9.5 MB)
  flagship-android/sha20/inline/cold rep 35/50: solve 757 ms (p2v 785 ms, tx 250771 B, cachehits 0, js - ms, wasmC - ms, longtasks 0(0 ms), heap 9.5 MB)
  flagship-android/sha20/inline/cold rep 36/50: solve 30 ms (p2v 55 ms, tx 250771 B, cachehits 0, js - ms, wasmC - ms, longtasks 0(0 ms), heap 9.5 MB)
  flagship-android/sha20/inline/cold rep 37/50: solve 86 ms (p2v 108 ms, tx 250773 B, cachehits 0, js - ms, wasmC - ms, longtasks 0(0 ms), heap 9.5 MB)
  flagship-android/sha20/inline/cold rep 38/50: solve 1368 ms (p2v 1389 ms, tx 250771 B, cachehits 0, js - ms, wasmC - ms, longtasks 0(0 ms), heap 9.5 MB)
  flagship-android/sha20/inline/cold rep 39/50: solve 1050 ms (p2v 1069 ms, tx 250772 B, cachehits 0, js - ms, wasmC - ms, longtasks 0(0 ms), heap 9.5 MB)
  flagship-android/sha20/inline/cold rep 40/50: solve 443 ms (p2v 465 ms, tx 250772 B, cachehits 0, js - ms, wasmC - ms, longtasks 0(0 ms), heap 9.5 MB)
  flagship-android/sha20/inline/cold rep 41/50: solve 415 ms (p2v 436 ms, tx 250773 B, cachehits 0, js - ms, wasmC - ms, longtasks 0(0 ms), heap 9.5 MB)
  flagship-android/sha20/inline/cold rep 42/50: solve 853 ms (p2v 876 ms, tx 250772 B, cachehits 0, js - ms, wasmC - ms, longtasks 0(0 ms), heap 9.5 MB)
  flagship-android/sha20/inline/cold rep 43/50: solve 424 ms (p2v 444 ms, tx 250771 B, cachehits 0, js - ms, wasmC - ms, longtasks 0(0 ms), heap 9.5 MB)
  flagship-android/sha20/inline/cold rep 44/50: solve 66 ms (p2v 86 ms, tx 250771 B, cachehits 0, js - ms, wasmC - ms, longtasks 0(0 ms), heap 9.5 MB)
  flagship-android/sha20/inline/cold rep 45/50: solve 258 ms (p2v 277 ms, tx 250771 B, cachehits 0, js - ms, wasmC - ms, longtasks 0(0 ms), heap 9.5 MB)
  flagship-android/sha20/inline/cold rep 46/50: solve 103 ms (p2v 125 ms, tx 250771 B, cachehits 0, js - ms, wasmC - ms, longtasks 0(0 ms), heap 9.5 MB)
  flagship-android/sha20/inline/cold rep 47/50: solve 577 ms (p2v 610 ms, tx 250771 B, cachehits 0, js - ms, wasmC - ms, longtasks 0(0 ms), heap 9.5 MB)
  flagship-android/sha20/inline/cold rep 48/50: solve 1254 ms (p2v 1291 ms, tx 250771 B, cachehits 0, js - ms, wasmC - ms, longtasks 0(0 ms), heap 9.5 MB)
  flagship-android/sha20/inline/cold rep 49/50: solve 442 ms (p2v 470 ms, tx 250772 B, cachehits 0, js - ms, wasmC - ms, longtasks 0(0 ms), heap 9.5 MB)
  flagship-android/sha20/inline/cold rep 50/50: solve - ms (p2v - ms, tx 251080 B, cachehits 0, js - ms, wasmC - ms, longtasks 0(0 ms), heap 9.5 MB TIMED OUT ERRORS=1)
  flagship-android/sha20/inline/warm pre-warmed the context (rep 0 discarded)

  flagship-android/sha20/inline/warm rep 1/50: solve 2429 ms (p2v 2460 ms, tx 250773 B, cachehits 0, js - ms, wasmC - ms, longtasks 0(0 ms), heap 9.5 MB)
  flagship-android/sha20/inline/warm rep 2/50: solve 2314 ms (p2v 2339 ms, tx 250772 B, cachehits 0, js - ms, wasmC - ms, longtasks 0(0 ms), heap 9.5 MB)
  flagship-android/sha20/inline/warm rep 3/50: solve 690 ms (p2v 715 ms, tx 250773 B, cachehits 0, js - ms, wasmC - ms, longtasks 0(0 ms), heap 9.5 MB)
  flagship-android/sha20/inline/warm rep 4/50: solve 756 ms (p2v 784 ms, tx 250772 B, cachehits 0, js - ms, wasmC - ms, longtasks 0(0 ms), heap 9.5 MB)
  flagship-android/sha20/inline/warm rep 5/50: solve 663 ms (p2v 696 ms, tx 250772 B, cachehits 0, js - ms, wasmC - ms, longtasks 0(0 ms), heap 9.5 MB)
  flagship-android/sha20/inline/warm rep 6/50: solve 292 ms (p2v 318 ms, tx 250774 B, cachehits 0, js - ms, wasmC - ms, longtasks 0(0 ms), heap 9.5 MB)
  flagship-android/sha20/inline/warm rep 7/50: solve 690 ms (p2v 714 ms, tx 250773 B, cachehits 0, js - ms, wasmC - ms, longtasks 0(0 ms), heap 9.5 MB)
  flagship-android/sha20/inline/warm rep 8/50: solve 922 ms (p2v 944 ms, tx 250771 B, cachehits 0, js - ms, wasmC - ms, longtasks 0(0 ms), heap 9.5 MB)
  flagship-android/sha20/inline/warm rep 9/50: solve 632 ms (p2v 661 ms, tx 250774 B, cachehits 0, js - ms, wasmC - ms, longtasks 0(0 ms), heap 9.5 MB)
  flagship-android/sha20/inline/warm rep 10/50: solve 1435 ms (p2v 1469 ms, tx 250773 B, cachehits 0, js - ms, wasmC - ms, longtasks 0(0 ms), heap 9.5 MB)
  flagship-android/sha20/inline/warm rep 11/50: solve 774 ms (p2v 795 ms, tx 250771 B, cachehits 0, js - ms, wasmC - ms, longtasks 0(0 ms), heap 9.5 MB)
  flagship-android/sha20/inline/warm rep 12/50: solve 112 ms (p2v 132 ms, tx 250771 B, cachehits 0, js - ms, wasmC - ms, longtasks 0(0 ms), heap 9.5 MB)
  flagship-android/sha20/inline/warm rep 13/50: solve 1094 ms (p2v 1112 ms, tx 250773 B, cachehits 0, js - ms, wasmC - ms, longtasks 0(0 ms), heap 9.5 MB)
  flagship-android/sha20/inline/warm rep 14/50: solve 1160 ms (p2v 1179 ms, tx 250773 B, cachehits 0, js - ms, wasmC - ms, longtasks 0(0 ms), heap 9.5 MB)
  flagship-android/sha20/inline/warm rep 15/50: solve 1720 ms (p2v 1738 ms, tx 250772 B, cachehits 0, js - ms, wasmC - ms, longtasks 0(0 ms), heap 9.5 MB)
  flagship-android/sha20/inline/warm rep 16/50: solve 122 ms (p2v 140 ms, tx 250773 B, cachehits 0, js - ms, wasmC - ms, longtasks 0(0 ms), heap 9.5 MB)
  flagship-android/sha20/inline/warm rep 17/50: solve 316 ms (p2v 333 ms, tx 250773 B, cachehits 0, js - ms, wasmC - ms, longtasks 0(0 ms), heap 9.5 MB)
  flagship-android/sha20/inline/warm rep 18/50: solve 36 ms (p2v 54 ms, tx 250773 B, cachehits 0, js - ms, wasmC - ms, longtasks 0(0 ms), heap 9.5 MB)
  flagship-android/sha20/inline/warm rep 19/50: solve 363 ms (p2v 381 ms, tx 250773 B, cachehits 0, js - ms, wasmC - ms, longtasks 0(0 ms), heap 9.5 MB)
  flagship-android/sha20/inline/warm rep 20/50: solve 135 ms (p2v 155 ms, tx 250774 B, cachehits 0, js - ms, wasmC - ms, longtasks 0(0 ms), heap 9.5 MB)
  flagship-android/sha20/inline/warm rep 21/50: solve 290 ms (p2v 309 ms, tx 250771 B, cachehits 0, js - ms, wasmC - ms, longtasks 0(0 ms), heap 9.5 MB)
  flagship-android/sha20/inline/warm rep 22/50: solve 75 ms (p2v 93 ms, tx 250771 B, cachehits 0, js - ms, wasmC - ms, longtasks 0(0 ms), heap 9.5 MB)
  flagship-android/sha20/inline/warm rep 23/50: solve 1373 ms (p2v 1391 ms, tx 250775 B, cachehits 0, js - ms, wasmC - ms, longtasks 0(0 ms), heap 9.5 MB)
  flagship-android/sha20/inline/warm rep 24/50: solve 1677 ms (p2v 1695 ms, tx 250772 B, cachehits 0, js - ms, wasmC - ms, longtasks 0(0 ms), heap 9.5 MB)
  flagship-android/sha20/inline/warm rep 25/50: solve 457 ms (p2v 475 ms, tx 250771 B, cachehits 0, js - ms, wasmC - ms, longtasks 0(0 ms), heap 9.5 MB)
  flagship-android/sha20/inline/warm rep 26/50: solve 1398 ms (p2v 1417 ms, tx 250771 B, cachehits 0, js - ms, wasmC - ms, longtasks 0(0 ms), heap 9.5 MB)
  flagship-android/sha20/inline/warm rep 27/50: solve 1819 ms (p2v 1836 ms, tx 250772 B, cachehits 0, js - ms, wasmC - ms, longtasks 0(0 ms), heap 9.5 MB)
  flagship-android/sha20/inline/warm rep 28/50: solve 606 ms (p2v 627 ms, tx 250771 B, cachehits 0, js - ms, wasmC - ms, longtasks 0(0 ms), heap 9.5 MB)
  flagship-android/sha20/inline/warm rep 29/50: solve 265 ms (p2v 282 ms, tx 250772 B, cachehits 0, js - ms, wasmC - ms, longtasks 0(0 ms), heap 9.5 MB)
  flagship-android/sha20/inline/warm rep 30/50: solve 272 ms (p2v 289 ms, tx 250773 B, cachehits 0, js - ms, wasmC - ms, longtasks 0(0 ms), heap 9.5 MB)
  flagship-android/sha20/inline/warm rep 31/50: solve 122 ms (p2v 140 ms, tx 250774 B, cachehits 0, js - ms, wasmC - ms, longtasks 0(0 ms), heap 9.5 MB)
  flagship-android/sha20/inline/warm rep 32/50: solve 311 ms (p2v 329 ms, tx 250771 B, cachehits 0, js - ms, wasmC - ms, longtasks 0(0 ms), heap 9.5 MB)
  flagship-android/sha20/inline/warm rep 33/50: solve 350 ms (p2v 368 ms, tx 250772 B, cachehits 0, js - ms, wasmC - ms, longtasks 0(0 ms), heap 9.5 MB)
  flagship-android/sha20/inline/warm rep 34/50: solve 749 ms (p2v 767 ms, tx 250772 B, cachehits 0, js - ms, wasmC - ms, longtasks 0(0 ms), heap 9.5 MB)
  flagship-android/sha20/inline/warm rep 35/50: solve 1243 ms (p2v 1263 ms, tx 250771 B, cachehits 0, js - ms, wasmC - ms, longtasks 0(0 ms), heap 9.5 MB)
  flagship-android/sha20/inline/warm rep 36/50: solve 807 ms (p2v 824 ms, tx 250773 B, cachehits 0, js - ms, wasmC - ms, longtasks 0(0 ms), heap 9.5 MB)
  flagship-android/sha20/inline/warm rep 37/50: solve 1031 ms (p2v 1052 ms, tx 250773 B, cachehits 0, js - ms, wasmC - ms, longtasks 0(0 ms), heap 9.5 MB)
  flagship-android/sha20/inline/warm rep 38/50: solve 1162 ms (p2v 1188 ms, tx 250773 B, cachehits 0, js - ms, wasmC - ms, longtasks 0(0 ms), heap 9.5 MB)
  flagship-android/sha20/inline/warm rep 39/50: solve 771 ms (p2v 795 ms, tx 250771 B, cachehits 0, js - ms, wasmC - ms, longtasks 0(0 ms), heap 9.5 MB)
  flagship-android/sha20/inline/warm rep 40/50: solve 877 ms (p2v 900 ms, tx 250772 B, cachehits 0, js - ms, wasmC - ms, longtasks 0(0 ms), heap 9.5 MB)
  flagship-android/sha20/inline/warm rep 41/50: solve 427 ms (p2v 449 ms, tx 250773 B, cachehits 0, js - ms, wasmC - ms, longtasks 0(0 ms), heap 9.5 MB)
  flagship-android/sha20/inline/warm rep 42/50: solve 370 ms (p2v 391 ms, tx 250773 B, cachehits 0, js - ms, wasmC - ms, longtasks 0(0 ms), heap 9.5 MB)
  flagship-android/sha20/inline/warm rep 43/50: solve 220 ms (p2v 241 ms, tx 250771 B, cachehits 0, js - ms, wasmC - ms, longtasks 0(0 ms), heap 9.5 MB)
  flagship-android/sha20/inline/warm rep 44/50: solve 223 ms (p2v 243 ms, tx 250775 B, cachehits 0, js - ms, wasmC - ms, longtasks 0(0 ms), heap 9.5 MB)
  flagship-android/sha20/inline/warm rep 45/50: solve 66 ms (p2v 89 ms, tx 250774 B, cachehits 0, js - ms, wasmC - ms, longtasks 0(0 ms), heap 9.5 MB)
  flagship-android/sha20/inline/warm rep 46/50: solve 50 ms (p2v 76 ms, tx 250771 B, cachehits 0, js - ms, wasmC - ms, longtasks 0(0 ms), heap 9.5 MB)
  flagship-android/sha20/inline/warm rep 47/50: solve 1720 ms (p2v 1744 ms, tx 250773 B, cachehits 0, js - ms, wasmC - ms, longtasks 0(0 ms), heap 9.5 MB)
  flagship-android/sha20/inline/warm rep 48/50: solve 976 ms (p2v 1002 ms, tx 250771 B, cachehits 0, js - ms, wasmC - ms, longtasks 0(0 ms), heap 9.5 MB)
  flagship-android/sha20/inline/warm rep 49/50: solve 2357 ms (p2v 2385 ms, tx 250771 B, cachehits 0, js - ms, wasmC - ms, longtasks 0(0 ms), heap 9.5 MB)
  flagship-android/sha20/inline/warm rep 50/50: solve 49 ms (p2v 74 ms, tx 250771 B, cachehits 0, js - ms, wasmC - ms, longtasks 0(0 ms), heap 9.5 MB)
  repeat navigation flagship-android/sha20/inline/warm: p2v 2008 ms, tx 250772 B, cachehits 0, load 27 ms
  flagship-android/argon2id/inline/cold rep 1/20: solve 6792 ms (p2v 6819 ms, tx 250805 B, cachehits 0, js - ms, wasmC - ms, worker 16 ms, longtasks 0(0 ms), heap 9.5 MB)
  flagship-android/argon2id/inline/cold rep 2/20: solve 1496 ms (p2v 1519 ms, tx 250803 B, cachehits 0, js - ms, wasmC - ms, worker 14 ms, longtasks 0(0 ms), heap 9.5 MB)
  flagship-android/argon2id/inline/cold rep 3/20: solve 6009 ms (p2v 6034 ms, tx 250804 B, cachehits 0, js - ms, wasmC - ms, worker 18 ms, longtasks 0(0 ms), heap 9.5 MB)
  flagship-android/argon2id/inline/cold rep 4/20: solve 15388 ms (p2v 15416 ms, tx 250803 B, cachehits 0, js - ms, wasmC - ms, worker 16 ms, longtasks 0(0 ms), heap 9.5 MB)
  flagship-android/argon2id/inline/cold rep 5/20: solve 1848 ms (p2v 1871 ms, tx 250803 B, cachehits 0, js - ms, wasmC - ms, worker 9 ms, longtasks 0(0 ms), heap 9.5 MB)
  flagship-android/argon2id/inline/cold rep 6/20: solve 719 ms (p2v 738 ms, tx 250804 B, cachehits 0, js - ms, wasmC - ms, worker 9 ms, longtasks 0(0 ms), heap 9.5 MB)
  flagship-android/argon2id/inline/cold rep 7/20: solve 161 ms (p2v 181 ms, tx 250806 B, cachehits 0, js - ms, wasmC - ms, worker 7 ms, longtasks 0(0 ms), heap 9.5 MB)
  flagship-android/argon2id/inline/cold rep 8/20: solve 12949 ms (p2v 12970 ms, tx 250803 B, cachehits 0, js - ms, wasmC - ms, worker 12 ms, longtasks 0(0 ms), heap 9.5 MB)
  flagship-android/argon2id/inline/cold rep 9/20: solve 1433 ms (p2v 1458 ms, tx 250804 B, cachehits 0, js - ms, wasmC - ms, worker 12 ms, longtasks 0(0 ms), heap 9.5 MB)
  flagship-android/argon2id/inline/cold rep 10/20: solve 5703 ms (p2v 5729 ms, tx 250803 B, cachehits 0, js - ms, wasmC - ms, worker 15 ms, longtasks 0(0 ms), heap 9.5 MB)
  flagship-android/argon2id/inline/cold rep 11/20: solve 1101 ms (p2v 1125 ms, tx 250805 B, cachehits 0, js - ms, wasmC - ms, worker 9 ms, longtasks 0(0 ms), heap 9.5 MB)
  flagship-android/argon2id/inline/cold rep 12/20: solve 1734 ms (p2v 1759 ms, tx 250807 B, cachehits 0, js - ms, wasmC - ms, worker 16 ms, longtasks 0(0 ms), heap 9.5 MB)
  flagship-android/argon2id/inline/cold rep 13/20: solve 5401 ms (p2v 5426 ms, tx 250804 B, cachehits 0, js - ms, wasmC - ms, worker 17 ms, longtasks 0(0 ms), heap 9.5 MB)
  flagship-android/argon2id/inline/cold rep 14/20: solve 15685 ms (p2v 15713 ms, tx 250804 B, cachehits 0, js - ms, wasmC - ms, worker 19 ms, longtasks 0(0 ms), heap 9.5 MB)
  flagship-android/argon2id/inline/cold rep 15/20: solve 1203 ms (p2v 1227 ms, tx 250804 B, cachehits 0, js - ms, wasmC - ms, worker 16 ms, longtasks 0(0 ms), heap 9.5 MB)
  flagship-android/argon2id/inline/cold rep 16/20: solve 7846 ms (p2v 7872 ms, tx 250803 B, cachehits 0, js - ms, wasmC - ms, worker 13 ms, longtasks 0(0 ms), heap 9.5 MB)
  flagship-android/argon2id/inline/cold rep 17/20: solve 5834 ms (p2v 5855 ms, tx 250804 B, cachehits 0, js - ms, wasmC - ms, worker 11 ms, longtasks 0(0 ms), heap 9.5 MB)
  flagship-android/argon2id/inline/cold rep 18/20: solve 23263 ms (p2v 23289 ms, tx 250803 B, cachehits 0, js - ms, wasmC - ms, worker 12 ms, longtasks 0(0 ms), heap 9.5 MB)
  flagship-android/argon2id/inline/cold rep 19/20: solve 24588 ms (p2v 24622 ms, tx 250804 B, cachehits 0, js - ms, wasmC - ms, worker 17 ms, longtasks 0(0 ms), heap 9.5 MB)
  flagship-android/argon2id/inline/cold rep 20/20: solve 23154 ms (p2v 23184 ms, tx 250805 B, cachehits 0, js - ms, wasmC - ms, worker 10 ms, longtasks 0(0 ms), heap 9.5 MB)
  flagship-android/argon2id/inline/warm pre-warmed the context (rep 0 discarded)

  flagship-android/argon2id/inline/warm rep 1/20: solve 11130 ms (p2v 11152 ms, tx 250803 B, cachehits 0, js - ms, wasmC - ms, worker 7 ms, longtasks 0(0 ms), heap 9.5 MB)
  flagship-android/argon2id/inline/warm rep 2/20: solve 440 ms (p2v 464 ms, tx 250804 B, cachehits 0, js - ms, wasmC - ms, worker 14 ms, longtasks 0(0 ms), heap 9.5 MB)
  flagship-android/argon2id/inline/warm rep 3/20: solve 7391 ms (p2v 7413 ms, tx 250805 B, cachehits 0, js - ms, wasmC - ms, worker 10 ms, longtasks 0(0 ms), heap 9.5 MB)
  flagship-android/argon2id/inline/warm rep 4/20: solve 800 ms (p2v 822 ms, tx 250803 B, cachehits 0, js - ms, wasmC - ms, worker 12 ms, longtasks 0(0 ms), heap 9.5 MB)
  flagship-android/argon2id/inline/warm rep 5/20: solve 4621 ms (p2v 4643 ms, tx 250806 B, cachehits 0, js - ms, wasmC - ms, worker 12 ms, longtasks 0(0 ms), heap 9.5 MB)
  flagship-android/argon2id/inline/warm rep 6/20: solve 11657 ms (p2v 11679 ms, tx 250803 B, cachehits 0, js - ms, wasmC - ms, worker 7 ms, longtasks 0(0 ms), heap 9.5 MB)
  flagship-android/argon2id/inline/warm rep 7/20: solve 7976 ms (p2v 8000 ms, tx 250805 B, cachehits 0, js - ms, wasmC - ms, worker 11 ms, longtasks 0(0 ms), heap 9.5 MB)
  flagship-android/argon2id/inline/warm rep 8/20: solve 10967 ms (p2v 10988 ms, tx 250807 B, cachehits 0, js - ms, wasmC - ms, worker 9 ms, longtasks 0(0 ms), heap 9.5 MB)
  flagship-android/argon2id/inline/warm rep 9/20: solve 15135 ms (p2v 15158 ms, tx 250804 B, cachehits 0, js - ms, wasmC - ms, worker 11 ms, longtasks 0(0 ms), heap 9.5 MB)
  flagship-android/argon2id/inline/warm rep 10/20: solve 1044 ms (p2v 1064 ms, tx 250803 B, cachehits 0, js - ms, wasmC - ms, worker 9 ms, longtasks 0(0 ms), heap 9.5 MB)
  flagship-android/argon2id/inline/warm rep 11 failed: page.evaluate: Target page, context or browser has been closed
  flagship-android/argon2id/inline/warm rep 11/20: solve - ms (p2v - ms, tx null B, cachehits null, js - ms, wasmC - ms, longtasks 0(0 ms), heap - MB TIMED OUT ERRORS=1)
  flagship-android/argon2id/inline/warm rep 12 failed: browserContext.newPage: Target page, context or browser has been closed
  flagship-android/argon2id/inline/warm rep 12/20: solve - ms (p2v - ms, tx null B, cachehits null, js - ms, wasmC - ms, longtasks 0(0 ms), heap - MB TIMED OUT ERRORS=1)
  flagship-android/argon2id/inline/warm rep 13 failed: browserContext.newPage: Target page, context or browser has been closed
  flagship-android/argon2id/inline/warm rep 13/20: solve - ms (p2v - ms, tx null B, cachehits null, js - ms, wasmC - ms, longtasks 0(0 ms), heap - MB TIMED OUT ERRORS=1)
  flagship-android/argon2id/inline/warm rep 14 failed: browserContext.newPage: Target page, context or browser has been closed
  flagship-android/argon2id/inline/warm rep 14/20: solve - ms (p2v - ms, tx null B, cachehits null, js - ms, wasmC - ms, longtasks 0(0 ms), heap - MB TIMED OUT ERRORS=1)
  flagship-android/argon2id/inline/warm rep 15 failed: browserContext.newPage: Target page, context or browser has been closed
  flagship-android/argon2id/inline/warm rep 15/20: solve - ms (p2v - ms, tx null B, cachehits null, js - ms, wasmC - ms, longtasks 0(0 ms), heap - MB TIMED OUT ERRORS=1)
  flagship-android/argon2id/inline/warm rep 16 failed: browserContext.newPage: Target page, context or browser has been closed
  flagship-android/argon2id/inline/warm rep 16/20: solve - ms (p2v - ms, tx null B, cachehits null, js - ms, wasmC - ms, longtasks 0(0 ms), heap - MB TIMED OUT ERRORS=1)
  flagship-android/argon2id/inline/warm rep 17 failed: browserContext.newPage: Target page, context or browser has been closed
  flagship-android/argon2id/inline/warm rep 17/20: solve - ms (p2v - ms, tx null B, cachehits null, js - ms, wasmC - ms, longtasks 0(0 ms), heap - MB TIMED OUT ERRORS=1)
  flagship-android/argon2id/inline/warm rep 18 failed: browserContext.newPage: Target page, context or browser has been closed
  flagship-android/argon2id/inline/warm rep 18/20: solve - ms (p2v - ms, tx null B, cachehits null, js - ms, wasmC - ms, longtasks 0(0 ms), heap - MB TIMED OUT ERRORS=1)
  flagship-android/argon2id/inline/warm rep 19 failed: browserContext.newPage: Target page, context or browser has been closed
  flagship-android/argon2id/inline/warm rep 19/20: solve - ms (p2v - ms, tx null B, cachehits null, js - ms, wasmC - ms, longtasks 0(0 ms), heap - MB TIMED OUT ERRORS=1)
  flagship-android/argon2id/inline/warm rep 20 failed: browserContext.newPage: Target page, context or browser has been closed
  flagship-android/argon2id/inline/warm rep 20/20: solve - ms (p2v - ms, tx null B, cachehits null, js - ms, wasmC - ms, longtasks 0(0 ms), heap - MB TIMED OUT ERRORS=1)
  repeat-navigation measurement failed: browserContext.newPage: Target page, context or browser has been closed
  flagship-android/sha16/files/cold rep 1 failed: browser.newContext: Target page, context or browser has been closed
  flagship-android/sha16/files/cold rep 1/50: solve - ms (p2v - ms, tx null B, cachehits null, js - ms, wasmC - ms, longtasks 0(0 ms), heap - MB TIMED OUT ERRORS=1)
  flagship-android/sha16/files/cold rep 2 failed: browser.newContext: Target page, context or browser has been closed
  flagship-android/sha16/files/cold rep 2/50: solve - ms (p2v - ms, tx null B, cachehits null, js - ms, wasmC - ms, longtasks 0(0 ms), heap - MB TIMED OUT ERRORS=1)
  flagship-android/sha16/files/cold rep 3 failed: browser.newContext: Target page, context or browser has been closed
  flagship-android/sha16/files/cold rep 3/50: solve - ms (p2v - ms, tx null B, cachehits null, js - ms, wasmC - ms, longtasks 0(0 ms), heap - MB TIMED OUT ERRORS=1)
  flagship-android/sha16/files/cold rep 4 failed: browser.newContext: Target page, context or browser has been closed
  flagship-android/sha16/files/cold rep 4/50: solve - ms (p2v - ms, tx null B, cachehits null, js - ms, wasmC - ms, longtasks 0(0 ms), heap - MB TIMED OUT ERRORS=1)
  flagship-android/sha16/files/cold rep 5 failed: browser.newContext: Target page, context or browser has been closed
  flagship-android/sha16/files/cold rep 5/50: solve - ms (p2v - ms, tx null B, cachehits null, js - ms, wasmC - ms, longtasks 0(0 ms), heap - MB TIMED OUT ERRORS=1)
  flagship-android/sha16/files/cold rep 6 failed: browser.newContext: Target page, context or browser has been closed
  flagship-android/sha16/files/cold rep 6/50: solve - ms (p2v - ms, tx null B, cachehits null, js - ms, wasmC - ms, longtasks 0(0 ms), heap - MB TIMED OUT ERRORS=1)
  flagship-android/sha16/files/cold rep 7 failed: browser.newContext: Target page, context or browser has been closed
  flagship-android/sha16/files/cold rep 7/50: solve - ms (p2v - ms, tx null B, cachehits null, js - ms, wasmC - ms, longtasks 0(0 ms), heap - MB TIMED OUT ERRORS=1)
  flagship-android/sha16/files/cold rep 8 failed: browser.newContext: Target page, context or browser has been closed
  flagship-android/sha16/files/cold rep 8/50: solve - ms (p2v - ms, tx null B, cachehits null, js - ms, wasmC - ms, longtasks 0(0 ms), heap - MB TIMED OUT ERRORS=1)
  flagship-android/sha16/files/cold rep 9 failed: browser.newContext: Target page, context or browser has been closed
  flagship-android/sha16/files/cold rep 9/50: solve - ms (p2v - ms, tx null B, cachehits null, js - ms, wasmC - ms, longtasks 0(0 ms), heap - MB TIMED OUT ERRORS=1)
  flagship-android/sha16/files/cold rep 10 failed: browser.newContext: Target page, context or browser has been closed
  flagship-android/sha16/files/cold rep 10/50: solve - ms (p2v - ms, tx null B, cachehits null, js - ms, wasmC - ms, longtasks 0(0 ms), heap - MB TIMED OUT ERRORS=1)
  flagship-android/sha16/files/cold rep 11 failed: browser.newContext: Target page, context or browser has been closed
  flagship-android/sha16/files/cold rep 11/50: solve - ms (p2v - ms, tx null B, cachehits null, js - ms, wasmC - ms, longtasks 0(0 ms), heap - MB TIMED OUT ERRORS=1)
  flagship-android/sha16/files/cold rep 12 failed: browser.newContext: Target page, context or browser has been closed
  flagship-android/sha16/files/cold rep 12/50: solve - ms (p2v - ms, tx null B, cachehits null, js - ms, wasmC - ms, longtasks 0(0 ms), heap - MB TIMED OUT ERRORS=1)
  flagship-android/sha16/files/cold rep 13 failed: browser.newContext: Target page, context or browser has been closed
  flagship-android/sha16/files/cold rep 13/50: solve - ms (p2v - ms, tx null B, cachehits null, js - ms, wasmC - ms, longtasks 0(0 ms), heap - MB TIMED OUT ERRORS=1)
  flagship-android/sha16/files/cold rep 14 failed: browser.newContext: Target page, context or browser has been closed
  flagship-android/sha16/files/cold rep 14/50: solve - ms (p2v - ms, tx null B, cachehits null, js - ms, wasmC - ms, longtasks 0(0 ms), heap - MB TIMED OUT ERRORS=1)
  flagship-android/sha16/files/cold rep 15 failed: browser.newContext: Target page, context or browser has been closed
  flagship-android/sha16/files/cold rep 15/50: solve - ms (p2v - ms, tx null B, cachehits null, js - ms, wasmC - ms, longtasks 0(0 ms), heap - MB TIMED OUT ERRORS=1)
  flagship-android/sha16/files/cold rep 16 failed: browser.newContext: Target page, context or browser has been closed
  flagship-android/sha16/files/cold rep 16/50: solve - ms (p2v - ms, tx null B, cachehits null, js - ms, wasmC - ms, longtasks 0(0 ms), heap - MB TIMED OUT ERRORS=1)
  flagship-android/sha16/files/cold rep 17 failed: browser.newContext: Target page, context or browser has been closed
  flagship-android/sha16/files/cold rep 17/50: solve - ms (p2v - ms, tx null B, cachehits null, js - ms, wasmC - ms, longtasks 0(0 ms), heap - MB TIMED OUT ERRORS=1)
  flagship-android/sha16/files/cold rep 18 failed: browser.newContext: Target page, context or browser has been closed
  flagship-android/sha16/files/cold rep 18/50: solve - ms (p2v - ms, tx null B, cachehits null, js - ms, wasmC - ms, longtasks 0(0 ms), heap - MB TIMED OUT ERRORS=1)
  flagship-android/sha16/files/cold rep 19 failed: browser.newContext: Target page, context or browser has been closed
  flagship-android/sha16/files/cold rep 19/50: solve - ms (p2v - ms, tx null B, cachehits null, js - ms, wasmC - ms, longtasks 0(0 ms), heap - MB TIMED OUT ERRORS=1)
  flagship-android/sha16/files/cold rep 20 failed: browser.newContext: Target page, context or browser has been closed
  flagship-android/sha16/files/cold rep 20/50: solve - ms (p2v - ms, tx null B, cachehits null, js - ms, wasmC - ms, longtasks 0(0 ms), heap - MB TIMED OUT ERRORS=1)
  flagship-android/sha16/files/cold rep 21 failed: browser.newContext: Target page, context or browser has been closed
  flagship-android/sha16/files/cold rep 21/50: solve - ms (p2v - ms, tx null B, cachehits null, js - ms, wasmC - ms, longtasks 0(0 ms), heap - MB TIMED OUT ERRORS=1)
  flagship-android/sha16/files/cold rep 22 failed: browser.newContext: Target page, context or browser has been closed
  flagship-android/sha16/files/cold rep 22/50: solve - ms (p2v - ms, tx null B, cachehits null, js - ms, wasmC - ms, longtasks 0(0 ms), heap - MB TIMED OUT ERRORS=1)
  flagship-android/sha16/files/cold rep 23 failed: browser.newContext: Target page, context or browser has been closed
  flagship-android/sha16/files/cold rep 23/50: solve - ms (p2v - ms, tx null B, cachehits null, js - ms, wasmC - ms, longtasks 0(0 ms), heap - MB TIMED OUT ERRORS=1)
  flagship-android/sha16/files/cold rep 24 failed: browser.newContext: Target page, context or browser has been closed
  flagship-android/sha16/files/cold rep 24/50: solve - ms (p2v - ms, tx null B, cachehits null, js - ms, wasmC - ms, longtasks 0(0 ms), heap - MB TIMED OUT ERRORS=1)
  flagship-android/sha16/files/cold rep 25 failed: browser.newContext: Target page, context or browser has been closed
  flagship-android/sha16/files/cold rep 25/50: solve - ms (p2v - ms, tx null B, cachehits null, js - ms, wasmC - ms, longtasks 0(0 ms), heap - MB TIMED OUT ERRORS=1)
  flagship-android/sha16/files/cold rep 26 failed: browser.newContext: Target page, context or browser has been closed
  flagship-android/sha16/files/cold rep 26/50: solve - ms (p2v - ms, tx null B, cachehits null, js - ms, wasmC - ms, longtasks 0(0 ms), heap - MB TIMED OUT ERRORS=1)
  flagship-android/sha16/files/cold rep 27 failed: browser.newContext: Target page, context or browser has been closed
  flagship-android/sha16/files/cold rep 27/50: solve - ms (p2v - ms, tx null B, cachehits null, js - ms, wasmC - ms, longtasks 0(0 ms), heap - MB TIMED OUT ERRORS=1)
  flagship-android/sha16/files/cold rep 28 failed: browser.newContext: Target page, context or browser has been closed
  flagship-android/sha16/files/cold rep 28/50: solve - ms (p2v - ms, tx null B, cachehits null, js - ms, wasmC - ms, longtasks 0(0 ms), heap - MB TIMED OUT ERRORS=1)
  flagship-android/sha16/files/cold rep 29 failed: browser.newContext: Target page, context or browser has been closed
  flagship-android/sha16/files/cold rep 29/50: solve - ms (p2v - ms, tx null B, cachehits null, js - ms, wasmC - ms, longtasks 0(0 ms), heap - MB TIMED OUT ERRORS=1)
  flagship-android/sha16/files/cold rep 30 failed: browser.newContext: Target page, context or browser has been closed
  flagship-android/sha16/files/cold rep 30/50: solve - ms (p2v - ms, tx null B, cachehits null, js - ms, wasmC - ms, longtasks 0(0 ms), heap - MB TIMED OUT ERRORS=1)
  flagship-android/sha16/files/cold rep 31 failed: browser.newContext: Target page, context or browser has been closed
  flagship-android/sha16/files/cold rep 31/50: solve - ms (p2v - ms, tx null B, cachehits null, js - ms, wasmC - ms, longtasks 0(0 ms), heap - MB TIMED OUT ERRORS=1)
  flagship-android/sha16/files/cold rep 32 failed: browser.newContext: Target page, context or browser has been closed
  flagship-android/sha16/files/cold rep 32/50: solve - ms (p2v - ms, tx null B, cachehits null, js - ms, wasmC - ms, longtasks 0(0 ms), heap - MB TIMED OUT ERRORS=1)
  flagship-android/sha16/files/cold rep 33 failed: browser.newContext: Target page, context or browser has been closed
  flagship-android/sha16/files/cold rep 33/50: solve - ms (p2v - ms, tx null B, cachehits null, js - ms, wasmC - ms, longtasks 0(0 ms), heap - MB TIMED OUT ERRORS=1)
  flagship-android/sha16/files/cold rep 34 failed: browser.newContext: Target page, context or browser has been closed
  flagship-android/sha16/files/cold rep 34/50: solve - ms (p2v - ms, tx null B, cachehits null, js - ms, wasmC - ms, longtasks 0(0 ms), heap - MB TIMED OUT ERRORS=1)
  flagship-android/sha16/files/cold rep 35 failed: browser.newContext: Target page, context or browser has been closed
  flagship-android/sha16/files/cold rep 35/50: solve - ms (p2v - ms, tx null B, cachehits null, js - ms, wasmC - ms, longtasks 0(0 ms), heap - MB TIMED OUT ERRORS=1)
  flagship-android/sha16/files/cold rep 36 failed: browser.newContext: Target page, context or browser has been closed
  flagship-android/sha16/files/cold rep 36/50: solve - ms (p2v - ms, tx null B, cachehits null, js - ms, wasmC - ms, longtasks 0(0 ms), heap - MB TIMED OUT ERRORS=1)
  flagship-android/sha16/files/cold rep 37 failed: browser.newContext: Target page, context or browser has been closed
  flagship-android/sha16/files/cold rep 37/50: solve - ms (p2v - ms, tx null B, cachehits null, js - ms, wasmC - ms, longtasks 0(0 ms), heap - MB TIMED OUT ERRORS=1)
  flagship-android/sha16/files/cold rep 38 failed: browser.newContext: Target page, context or browser has been closed
  flagship-android/sha16/files/cold rep 38/50: solve - ms (p2v - ms, tx null B, cachehits null, js - ms, wasmC - ms, longtasks 0(0 ms), heap - MB TIMED OUT ERRORS=1)
  flagship-android/sha16/files/cold rep 39 failed: browser.newContext: Target page, context or browser has been closed
  flagship-android/sha16/files/cold rep 39/50: solve - ms (p2v - ms, tx null B, cachehits null, js - ms, wasmC - ms, longtasks 0(0 ms), heap - MB TIMED OUT ERRORS=1)
  flagship-android/sha16/files/cold rep 40 failed: browser.newContext: Target page, context or browser has been closed
  flagship-android/sha16/files/cold rep 40/50: solve - ms (p2v - ms, tx null B, cachehits null, js - ms, wasmC - ms, longtasks 0(0 ms), heap - MB TIMED OUT ERRORS=1)
  flagship-android/sha16/files/cold rep 41 failed: browser.newContext: Target page, context or browser has been closed
  flagship-android/sha16/files/cold rep 41/50: solve - ms (p2v - ms, tx null B, cachehits null, js - ms, wasmC - ms, longtasks 0(0 ms), heap - MB TIMED OUT ERRORS=1)
  flagship-android/sha16/files/cold rep 42 failed: browser.newContext: Target page, context or browser has been closed
  flagship-android/sha16/files/cold rep 42/50: solve - ms (p2v - ms, tx null B, cachehits null, js - ms, wasmC - ms, longtasks 0(0 ms), heap - MB TIMED OUT ERRORS=1)
  flagship-android/sha16/files/cold rep 43 failed: browser.newContext: Target page, context or browser has been closed
  flagship-android/sha16/files/cold rep 43/50: solve - ms (p2v - ms, tx null B, cachehits null, js - ms, wasmC - ms, longtasks 0(0 ms), heap - MB TIMED OUT ERRORS=1)
  flagship-android/sha16/files/cold rep 44 failed: browser.newContext: Target page, context or browser has been closed
  flagship-android/sha16/files/cold rep 44/50: solve - ms (p2v - ms, tx null B, cachehits null, js - ms, wasmC - ms, longtasks 0(0 ms), heap - MB TIMED OUT ERRORS=1)
  flagship-android/sha16/files/cold rep 45 failed: browser.newContext: Target page, context or browser has been closed
  flagship-android/sha16/files/cold rep 45/50: solve - ms (p2v - ms, tx null B, cachehits null, js - ms, wasmC - ms, longtasks 0(0 ms), heap - MB TIMED OUT ERRORS=1)
  flagship-android/sha16/files/cold rep 46 failed: browser.newContext: Target page, context or browser has been closed
  flagship-android/sha16/files/cold rep 46/50: solve - ms (p2v - ms, tx null B, cachehits null, js - ms, wasmC - ms, longtasks 0(0 ms), heap - MB TIMED OUT ERRORS=1)
  flagship-android/sha16/files/cold rep 47 failed: browser.newContext: Target page, context or browser has been closed
  flagship-android/sha16/files/cold rep 47/50: solve - ms (p2v - ms, tx null B, cachehits null, js - ms, wasmC - ms, longtasks 0(0 ms), heap - MB TIMED OUT ERRORS=1)
  flagship-android/sha16/files/cold rep 48 failed: browser.newContext: Target page, context or browser has been closed
  flagship-android/sha16/files/cold rep 48/50: solve - ms (p2v - ms, tx null B, cachehits null, js - ms, wasmC - ms, longtasks 0(0 ms), heap - MB TIMED OUT ERRORS=1)
  flagship-android/sha16/files/cold rep 49 failed: browser.newContext: Target page, context or browser has been closed
  flagship-android/sha16/files/cold rep 49/50: solve - ms (p2v - ms, tx null B, cachehits null, js - ms, wasmC - ms, longtasks 0(0 ms), heap - MB TIMED OUT ERRORS=1)
  flagship-android/sha16/files/cold rep 50 failed: browser.newContext: Target page, context or browser has been closed
  flagship-android/sha16/files/cold rep 50/50: solve - ms (p2v - ms, tx null B, cachehits null, js - ms, wasmC - ms, longtasks 0(0 ms), heap - MB TIMED OUT ERRORS=1)
